Database,Keyword,Seed keyword,Page,Topic,Page type,Tags,Volume,Keyword Difficulty,CPC (USD),Competitive Density,Number of Results,Intent,SERP Features,Trend,Click potential,Content references,Competitors
br,bermuda com bolso surf,,,,,,,,,,,,,,,,
br,bermuda com cordão,,,,,,30,0,0.00,1.00,,,,"0.05,0.05,0.02,0.05,0.05,0.05,0.05,0.35,0.05,0.05,0.05,0.05",,,
br,bermuda de banho masculina,,,,,,590,23,0.19,1.00,444000,"Informational, Commercial","Image Pack, Site Links, Video, Image, Related Searches","0.10,0.08,0.10,0.10,0.16,0.20,0.36,0.79,0.30,0.20,0.10,0.13",20,,
br,bermuda de neoprene,,,,,,90,7,0.09,1.00,189,Commercial,"Video, Image, Video Carousel, People Also Ask, Related Searches, Image Pack, Site Links, Popular Products, Short Videos","0.42,0.33,0.33,0.42,0.42,0.42,0.33,0.42,0.52,0.42,0.42,0.42",20,,
br,bermuda de praia masculina,,,,,,1600,25,0.19,1.00,3220000,Commercial,"Image Pack, Site Links, Video, Image, Video Carousel, Popular Products, Related Searches","0.10,0.08,0.15,0.19,0.19,0.24,0.43,0.54,0.43,0.19,0.15,0.15",20,,
br,bermuda de surf,,,,,,480,9,0.14,1.00,190,Commercial,"Image Pack, Site Links, Video, Related Searches, Short Videos","0.11,0.13,0.13,0.13,0.11,0.11,0.30,0.34,0.30,0.13,0.16,0.13",20,,
br,bermuda de surf infantil,,,,,,20,0,0.10,1.00,,,,"0.02,0.02,0.02,0.02,0.02,0.02,0.02,0.02,0.02,0.02,0.02,0.02",,,
br,bermuda de surf masculina,,,,,,170,8,0.14,1.00,176,Commercial,"Image Pack, Site Links, Video, Image, Popular Products, Related Searches","0.10,0.06,0.06,0.08,0.10,0.16,0.20,0.36,0.30,0.20,0.20,0.20",20,,
br,bermuda de surf preço,,,,,,,,,,,,,,,,
br,bermuda de surf secagem rápida,,,,,,,,,,,,,,,,
br,bermuda de surf sem costura,,,,,,0,0,0.00,0.00,,,,"0.00,0.00,0.00,0.00,0.00,0.00,0.00,0.00,0.00,0.00,0.00,0.00",,,
br,bermuda de surf tamanho,,,,,,,,,,,,,,,,
br,bermuda elastano surf,,,,,,140,21,0.10,1.00,225,Commercial,"Short Videos, Image Pack, Site Links, Video, Popular Products, Related Searches","0.35,0.28,0.17,0.35,0.28,0.43,0.53,0.53,0.35,0.28,0.23,0.23",20,,
br,bermuda neoprene surf,,,,,,20,0,0.14,1.00,,,,"0.11,0.11,0.11,0.11,0.11,0.11,0.11,0.11,0.11,0.11,0.11,0.11",,,
br,bermuda para natação,,,,,,880,13,0.08,1.00,2180000,Commercial,"Video, People Also Ask, Popular Products, Related Searches, Image Pack, Site Links","0.37,0.31,0.31,0.68,0.37,0.52,0.46,0.37,0.68,0.52,0.52,0.46",20,,
br,bermuda para stand up paddle,,,,,,,,,,,,,,,,
br,bermuda para surfar,,,,,,50,0,0.12,1.00,,,,"0.09,0.18,1.00,1.00,0.81,0.45,0.45,0.45,0.36,0.36,0.36,0.36",,,
br,bermuda tactel praia,,,,,,110,19,0.11,0.98,237,"Informational, Commercial","Image Pack, Site Links, Video, Image, Popular Products, Related Searches, Short Videos","0.14,0.14,0.14,0.18,0.22,0.22,0.43,0.35,0.29,0.18,0.14,0.14",20,,
br,biquini asa delta,,,,,,2900,14,0.24,1.00,200,"Informational, Commercial","Related Searches, Image Pack, Site Links, Video, Image, People Also Ask, Popular Products","0.16,0.13,0.24,0.24,0.24,0.29,0.66,0.81,0.54,0.24,0.16,0.19",20,,
br,biquini com bojo,,,,,,880,12,0.12,1.00,230,"Informational, Commercial","Image Pack, Site Links, Video, People Also Ask, Popular Products, Related Searches, Short Videos","0.03,0.03,0.05,0.05,0.10,0.10,0.13,0.19,0.16,0.05,0.04,0.04",20,,
br,biquini com proteção uv,,,,,,70,0,0.13,1.00,,,,"0.06,0.03,0.06,0.08,0.06,0.23,0.28,0.11,0.23,0.11,0.06,0.08",,,
br,biquini cortininha,,,,,,6600,19,0.20,1.00,197,Commercial,"Image Pack, Site Links, Reviews, Video, People Also Ask, Popular Products, Related Searches","0.19,0.19,0.29,0.29,0.44,0.44,0.66,1.00,0.81,0.44,0.29,0.29",20,,
br,biquini de amarrar,,,,,,260,9,0.11,0.99,220,Informational,"Image Pack, Site Links, Video, Video Carousel, People Also Ask, Popular Products, Related Searches, Short Videos","0.07,0.07,0.08,0.10,0.13,0.16,0.24,0.05,0.20,0.13,0.08,0.08",20,,
br,biquini de crochê,,,,,,1900,32,0.12,0.97,169,Commercial,"Site Links, Image, People Also Ask, Popular Products, Related Searches, Image Pack, Video, Video Carousel, Short Videos","0.53,0.13,0.24,1.00,0.13,0.35,0.18,0.24,0.29,0.18,0.18,0.18",20,,
br,biquini de lycra,,,,,,70,0,0.09,0.94,,,,"0.10,0.08,0.10,0.14,0.04,0.18,0.29,0.29,0.29,0.14,0.10,0.02",,,
br,biquini de surf,,,,,,90,7,0.22,1.00,203,Commercial,"Image Pack, Site Links, Video, Image, Video Carousel, Popular Products, Related Searches","0.14,0.02,0.14,0.14,0.22,0.22,0.29,0.35,0.29,0.14,0.14,0.06",20,,
br,biquini esportivo,,,,,,110,7,0.17,1.00,186,Commercial,"Popular Products, Image Pack, Site Links, Video","0.28,0.23,0.17,0.35,0.23,0.28,0.35,0.43,0.53,0.43,0.43,0.35",20,,
br,biquini esportivo feminino,,,,,,50,0,0.15,1.00,,,,"0.14,0.14,0.14,0.14,0.14,0.28,0.78,1.00,0.78,0.14,0.14,0.35",,,
br,biquini estampado,,,,,,320,12,0.17,1.00,216,"Informational, Commercial","Image Pack, Site Links, Video, People Also Ask, Popular Products, Related Searches","0.07,0.07,0.13,0.13,0.13,0.13,0.25,0.37,0.31,0.13,0.13,0.13",20,,
br,biquini fio dental,,,,,,6600,14,0.14,0.99,198,"Informational, Transactional","Video, People Also Ask, Popular Products, Short Videos, Image Pack, Site Links","0.24,0.13,0.16,0.19,0.29,0.36,0.29,0.44,0.36,0.29,0.29,0.44",20,,
br,biquini fitness,,,,,,40,0,0.14,0.04,,,,"0.35,0.21,0.35,0.14,0.35,0.50,0.50,0.50,0.21,0.07,0.14,0.07",,,
br,biquini frente única,,,,,,10,0,0.25,1.00,,,,"0.00,0.00,0.03,0.03,0.07,0.11,0.07,0.19,0.11,0.00,0.00,0.00",,,
br,biquini hot pants,,,,,,1300,15,0.16,1.00,1380000,Commercial,"Image, Video Carousel, People Also Ask, Popular Products, Related Searches, Image Pack, Site Links, Video","0.01,0.01,0.02,0.02,0.02,0.04,0.05,0.04,0.04,0.01,0.01,0.01",20,,
br,biquini infantil,,,,,,6600,15,0.13,0.99,184,Commercial,"Related Searches, Short Videos, Image Pack, Site Links, Video, Popular Products","0.08,0.07,0.08,0.10,0.16,0.20,0.24,0.29,0.24,0.20,0.13,0.13",20,,
br,biquini juvenil,,,,,,1600,16,0.12,1.00,790000,"Informational, Commercial","Image Pack, Site Links, Video, Image, Related Searches, Short Videos","0.10,0.10,0.13,0.08,0.15,0.19,0.23,0.23,0.15,0.13,0.10,0.10",20,,
br,biquini para esportes aquáticos,,,,,,,,,,,,,,,,
br,biquini para nadar,,,,,,20,0,0.15,0.99,,,,"0.14,0.14,0.14,0.14,0.14,0.14,0.14,0.14,0.14,0.14,0.14,0.14",,,
br,biquini para praia esportivo,,,,,,,,,,,,,,,,
br,biquini para stand up paddle,,,,,,0,0,0.00,0.00,,,,"0.00,0.00,0.00,0.00,0.00,0.00,0.00,0.00,0.00,0.00,0.00,0.00",,,
br,biquini para surf infantil,,,,,,,,,,,,,,,,
br,biquini para surfar,,,,,,0,0,0.14,1.00,,,,"0.00,0.00,0.00,0.00,0.00,0.00,0.00,0.50,0.50,0.00,0.00,0.00",,,
br,biquini para vôlei de praia,,,,,,,,,,,,,,,,
br,biquini preto,,,,,,5400,20,0.23,1.00,205,Commercial,"Video, Image, Popular Products, Related Searches, Image Pack, Site Links","0.13,0.16,0.19,0.16,0.16,0.19,0.29,0.29,0.29,0.16,0.16,0.13",20,,
br,biquini que não sai,,,,,,,,,,,,,,,,
br,biquini que não sai no mar,,,,,,,,,,,,,,,,
br,biquini sem bojo,,,,,,390,9,0.09,0.99,935000,"Informational, Commercial","Image, Video Carousel, People Also Ask, Popular Products, Related Searches, Image Pack, Site Links, Video","0.07,0.05,0.07,0.10,0.13,0.16,0.20,0.24,0.20,0.10,0.10,0.10",20,,
br,biquini sunkini,,,,,,90,13,0.11,1.00,294,Commercial,"Video, Image, Popular Products, Related Searches, Image Pack, Site Links","0.15,0.15,0.28,0.28,0.28,0.34,0.43,0.65,0.43,0.21,0.15,0.21",20,,
br,biquini surf feminino,,,,,,90,8,0.16,1.00,182,Commercial,"Video, Image, Popular Products, Related Searches, Image Pack, Site Links","0.33,0.33,0.33,0.33,0.52,0.42,0.42,0.80,0.66,0.33,0.33,0.33",20,,
br,biquini tomara que caia,,,,,,2400,9,0.16,1.00,574000,Informational,"Image, Popular Products, Related Searches, Image Pack, Site Links, Video","0.16,0.23,0.16,0.16,0.19,0.23,0.54,0.54,0.44,0.35,0.12,0.29",20,,
br,biquini uv,,,,,,110,7,0.17,1.00,174,"Informational, Commercial","Image Pack, Site Links, Video, Related Searches","0.15,0.15,0.21,0.15,0.28,0.43,0.34,0.65,0.53,0.12,0.15,0.15",20,,
br,biquíni de surf,,,,,,0,0,0.15,1.00,,,,"0.00,0.00,0.00,0.00,0.00,0.00,0.00,0.00,0.00,0.00,0.00,0.00",,,
br,biquíni esportivo,,,,,,40,0,0.18,0.99,,,,"0.27,0.18,1.00,0.36,0.36,0.45,0.27,0.45,0.45,0.27,0.18,0.27",,,
br,biquíni para surfar,,,,,,0,0,0.00,0.00,,,,"0.50,0.00,0.00,0.00,0.00,0.00,0.00,0.00,0.00,0.00,0.00,0.00",,,
br,blusa com proteção uv,,,,,,1300,18,0.08,1.00,1200000,Informational,"People Also Ask, Related Searches, Image Pack, Site Links, Video, Image","0.20,0.16,0.24,0.20,0.24,0.24,0.36,0.52,0.44,0.27,0.24,0.20",20,,
br,blusa de proteção solar feminina,,,,,,140,14,0.06,1.00,215,"Informational, Commercial","Image Pack, Site Links, Video, People Also Ask, Popular Products, Related Searches, Short Videos","0.12,0.15,0.12,0.19,0.29,0.29,0.29,0.23,0.23,0.15,0.12,0.09",20,,
br,blusa uv,,,,,,2900,15,0.13,1.00,198,Commercial,"Related Searches, Image Pack, Site Links, Video, People Also Ask, Popular Products","0.44,0.35,0.44,0.44,0.53,0.66,0.66,1.00,1.00,0.53,0.53,0.53",20,,
br,blusa uv feminina,,,,,,3600,15,0.11,1.00,196,Commercial,"Related Searches, Image Pack, Site Links, Video, Video Carousel, People Also Ask, Popular Products","0.43,0.36,0.43,0.43,0.54,0.54,0.66,1.00,1.00,0.54,0.54,0.54",20,,
br,board short surf,,,,,,0,0,0.21,1.00,,,,"1.00,1.00,0.00,0.00,1.00,0.00,0.00,0.00,0.00,0.00,0.00,0.00",,,
br,boardshort,,,,,,2400,11,0.21,1.00,5200000,Commercial,"Site Links, Video, Image, Related Searches, Image Pack","0.19,0.19,0.12,0.12,0.07,0.05,0.44,0.23,0.12,0.19,0.16,0.29",20,,
br,boardshort masculino,,,,,,1300,10,0.17,1.00,161,Commercial,"Reviews, Video, Popular Products, Related Searches, Image Pack, Site Links","0.24,0.20,0.24,0.34,0.44,0.65,0.65,0.65,0.65,0.34,0.34,0.44",20,,
br,body de praia,,,,,,140,10,0.09,0.99,244,"Informational, Commercial","Image Pack, Site Links, Video, Video Carousel, People Also Ask, Popular Products, Related Searches","0.34,0.28,0.34,0.34,0.53,0.43,0.65,0.65,0.65,0.34,0.21,0.34",20,,
br,body de surf feminino,,,,,,0,0,0.00,0.00,,,,"0.00,0.00,0.00,0.00,0.00,0.00,0.00,0.00,0.00,0.00,0.00,0.00",,,
br,body surf feminino,,,,,,110,7,0.32,1.00,193,Informational,"Image Pack, Site Links, Video, Image, Popular Products, Related Searches","0.33,0.33,0.33,0.33,0.33,0.33,0.42,0.80,1.00,1.00,0.42,0.52",20,,
br,bota de neoprene,,,,,,170,8,0.04,0.99,208,"Informational, Commercial","Site Links, Video, Image, People Also Ask, Popular Products, Related Searches, Image Pack","0.36,0.54,0.44,0.19,0.15,0.19,0.15,0.19,0.19,0.15,0.15,0.29",20,,
br,botinha de neoprene surf,,,,,,20,0,0.06,1.00,,,,"0.14,0.14,0.14,0.14,0.14,0.14,0.14,0.14,0.14,0.14,0.14,0.14",,,
br,calcinha de biquini alta,,,,,,90,7,0.12,1.00,199,Commercial,"Reviews, Video, Video Carousel, Popular Products, Related Searches, Image Pack, Site Links","0.06,0.06,0.21,0.21,0.28,0.34,0.43,0.65,0.65,0.21,0.15,0.15",20,,
br,calcinha de biquini asa delta,,,,,,70,0,0.13,1.00,,,,"0.09,0.14,0.19,0.19,0.14,0.33,1.00,0.66,0.42,0.23,0.23,0.23",,,
br,calça de neoprene,,,,,,90,7,0.07,1.00,197,"Informational, Commercial","People Also Ask, Popular Products, Related Searches, Image Pack, Site Links, Video, Image","0.28,0.43,0.53,0.28,0.15,0.21,0.21,0.21,0.21,0.21,0.21,0.21",20,,
br,camisa com proteção solar,,,,,,480,16,0.11,1.00,193,Informational,"Related Searches, Image Pack, Site Links, Video, Video Carousel, People Also Ask, Popular Products","0.08,0.08,0.08,0.08,0.16,0.10,0.16,0.20,0.20,0.10,0.08,0.08",20,,
br,camisa de lycra,,,,,,110,10,0.08,1.00,171,"Informational, Commercial","Related Searches, Image Pack, Site Links, Image, People Also Ask, Popular Products","0.66,0.66,0.52,0.52,0.52,0.52,0.66,0.80,0.80,0.52,0.52,0.42",20,,
br,camisa de lycra surf,,,,,,90,7,0.09,1.00,171,"Informational, Commercial","Image Pack, Site Links, Video, Image, Popular Products, Related Searches","0.21,0.21,0.15,0.28,0.21,0.34,0.43,0.53,0.43,0.28,0.34,0.28",20,,
br,camisa de neoprene,,,,,,90,17,0.07,1.00,190,"Informational, Commercial","Site Links, Video, Image, People Also Ask, Popular Products, Related Searches, Image Pack","0.28,0.34,0.21,0.34,0.21,0.28,0.21,0.28,0.34,0.21,0.28,0.28",20,,
br,camisa de praia feminina,,,,,,880,19,0.13,1.00,12900000,Commercial,"People Also Ask, Popular Products, Related Searches, Image Pack, Site Links, Video, Image","0.10,0.08,0.16,0.16,0.20,0.20,0.36,0.36,0.36,0.16,0.16,0.13",20,,
br,camisa de proteção solar feminina,,,,,,110,13,0.07,1.00,1050000,Commercial,"Image Pack, Site Links, Video, Image, People Also Ask, Popular Products, Related Searches","0.10,0.14,0.14,0.14,0.14,0.18,0.22,0.22,0.29,0.14,0.14,0.14",20,,
br,camisa de proteção solar masculina,,,,,,70,0,0.09,1.00,,,,"0.06,0.10,0.10,0.10,0.14,0.10,0.14,0.22,0.29,0.22,0.10,0.14",,,
br,camisa de surfista masculina,,,,,,140,15,0.13,1.00,202000,"Informational, Commercial","Image Pack, Site Links, Video, Image, Popular Products, Related Searches","0.28,0.28,0.28,0.43,0.53,0.65,0.34,0.34,0.28,0.21,0.21,0.12",20,,
br,camisa manga longa praia,,,,,,140,18,0.11,1.00,225,"Informational, Commercial","Image Pack, Site Links, Video, Image, People Also Ask, Popular Products","0.34,0.21,0.28,0.28,0.34,0.43,0.43,1.00,0.65,0.34,0.43,0.43",20,,
br,camisa manga longa proteção solar,,,,,,50,0,0.10,1.00,,,,"0.33,0.04,0.19,0.33,0.14,0.14,0.23,0.42,0.42,0.09,0.33,0.04",,,
br,camisa uv,,,,,,8100,20,0.13,1.00,196,Commercial,"Image Pack, Site Links, Video, People Also Ask, Popular Products, Related Searches, Short Videos","0.29,0.19,0.29,0.24,0.29,0.36,0.44,0.54,0.54,0.44,0.36,0.36",20,,
br,camisa uv pesca,,,,,,260,17,0.11,1.00,206,Commercial,"Image Pack, Site Links, Video, Image, People Also Ask, Popular Products, Related Searches, Short Videos","0.36,0.23,0.19,0.23,0.19,0.29,0.36,0.36,0.44,0.29,0.36,0.29",20,,
br,camisa uv surf,,,,,,140,8,0.13,1.00,185,Informational,"Image Pack, Site Links, Video, Popular Products, Related Searches","0.18,0.14,0.18,0.22,0.22,0.29,0.35,0.43,0.43,0.29,0.18,0.22",20,,
br,camisa uv50,,,,,,50,0,0.10,1.00,,,,"0.08,0.08,0.04,0.04,0.54,0.06,0.10,0.10,0.10,0.06,0.08,0.06",,,
br,camiseta anti uv,,,,,,40,0,0.17,1.00,,,,"0.09,0.14,0.09,0.09,0.14,0.19,0.23,0.42,0.33,0.14,0.23,0.14",,,
br,camiseta com proteção uv,,,,,,880,13,0.10,1.00,197,Informational,"Video, Video Carousel, People Also Ask, Popular Products, Related Searches, Image Pack, Site Links","0.16,0.24,0.20,0.13,0.20,0.20,0.24,0.44,0.44,0.24,0.20,0.16",20,,
br,camiseta de lycra,,,,,,90,8,0.08,1.00,204,"Informational, Commercial","Image Pack, Site Links, Video, Image, People Also Ask, Popular Products, Related Searches","0.42,0.33,0.42,0.33,0.42,0.52,0.42,0.66,0.52,0.42,0.23,0.33",20,,
br,camiseta de neoprene,,,,,,70,0,0.06,1.00,,,,"1.00,0.33,0.42,0.33,0.23,0.52,0.14,0.14,0.23,0.19,0.52,0.14",,,
br,camiseta de praia feminina,,,,,,140,0,0.12,1.00,,,,"0.02,0.01,0.05,0.04,0.07,0.07,0.09,0.14,1.00,0.05,0.07,0.03",,,
br,camiseta de praia masculina,,,,,,90,17,0.16,1.00,201,Commercial,"Related Searches, Image Pack, Site Links, Video, Popular Products","0.08,0.04,0.08,0.03,0.06,0.06,0.01,0.01,0.01,0.00,0.00,0.08",20,,
br,camiseta de surf colorida,,,,,,,,,,,,,,,,
br,camiseta de surf estampada,,,,,,,,,,,,,,,,
br,camiseta lycra feminina,,,,,,70,0,0.10,1.00,,,,"0.33,0.33,0.23,0.33,0.33,0.33,0.33,0.33,0.23,0.23,0.23,0.33",,,
br,camiseta lycra masculina,,,,,,30,0,0.09,1.00,,,,"0.17,0.11,0.11,0.11,0.11,0.11,0.29,0.82,0.17,0.11,0.11,0.11",,,
br,camiseta lycra surf,,,,,,40,0,0.11,1.00,,,,"0.41,0.11,0.11,0.11,0.11,0.23,0.29,0.17,0.29,0.23,0.23,0.17",,,
br,camiseta lycra surf manga longa,,,,,,50,0,0.09,1.00,,,,"0.35,0.14,0.28,0.21,0.21,0.28,0.35,1.00,0.78,0.14,0.14,0.21",,,
br,camiseta lycra surf proteção solar,,,,,,,,,,,,,,,,
br,camiseta manga longa praia,,,,,,30,0,0.09,1.00,,,,"0.14,0.00,0.00,0.28,0.28,0.42,0.42,0.71,0.71,1.00,0.14,0.28",,,
br,camiseta manga longa surf,,,,,,110,10,0.12,1.00,163,Commercial,"Site Links, Video, Popular Products, Related Searches","0.52,0.52,0.42,0.42,0.33,0.42,0.52,0.80,0.42,0.42,0.42,0.33",20,,
br,camiseta neoprene surf,,,,,,90,18,0.09,1.00,196,"Informational, Commercial","Image Pack, Site Links, Video, Popular Products","0.15,0.42,0.26,0.07,0.26,0.26,0.19,0.26,0.11,0.03,0.03,0.11",20,,
br,camiseta para kitesurf,,,,,,,,,,,,,,,,
br,camiseta para nadar,,,,,,20,0,0.09,1.00,,,,"0.00,0.00,0.00,0.00,0.00,0.07,0.00,0.07,0.26,0.26,0.00,0.00",,,
br,camiseta para natação,,,,,,140,21,0.07,1.00,244,Commercial,"Image Pack, Reviews, Popular Products, Related Searches, Site Links, Video, Image, Video Carousel, People Also Ask","0.18,0.18,0.23,0.28,0.23,0.18,0.15,0.35,0.18,0.11,0.23,0.23",20,,
br,camiseta para piscina,,,,,,140,23,0.07,1.00,223,Commercial,"Site Links, Video, Image, Video Carousel, People Also Ask, Popular Products, Related Searches, Image Pack","0.15,0.15,0.18,0.23,0.11,0.18,0.23,0.44,0.44,0.18,0.11,0.15",20,,
br,camiseta para stand up paddle,,,,,,,,,,,,,,,,
br,camiseta para surf,,,,,,30,0,0.12,1.00,,,,"0.07,0.07,0.07,0.07,0.07,0.07,0.15,0.19,0.19,0.11,0.11,0.07",,,
br,camiseta para surf feminina,,,,,,210,9,0.11,1.00,188,"Informational, Commercial","Image Pack, Site Links, Video, Image, Popular Products, Related Searches","0.23,0.23,0.15,0.19,0.29,0.29,0.36,0.54,0.36,0.19,0.23,0.23",20,,
br,camiseta proteção solar,,,,,,480,21,0.10,1.00,238,Commercial,"Image Pack, Site Links, Video, Video Carousel, People Also Ask, Popular Products, Related Searches","0.05,0.05,0.04,0.04,0.13,0.10,0.24,0.10,0.16,0.05,0.07,0.05",20,,
br,camiseta segunda pele surf,,,,,,,,,,,,,,,,
br,camiseta surf,,,,,,720,8,0.13,1.00,177,Commercial,"Image Pack, Site Links, Reviews, Video, Popular Products, Related Searches, Short Videos","0.10,0.10,0.29,0.22,0.13,0.16,0.20,0.29,0.22,0.10,0.13,0.13",20,,
br,camiseta surf com capuz,,,,,,,,,,,,,,,,
br,camiseta surf feminina,,,,,,170,11,0.15,1.00,174,"Informational, Commercial","Related Searches, Image Pack, Site Links, Video, Image, Popular Products","0.15,0.12,0.15,0.15,0.15,0.19,0.36,0.36,0.44,0.15,0.23,0.15",20,,
br,camiseta surf masculina,,,,,,480,13,0.13,1.00,182,Commercial,"Popular Products, Related Searches, Image Pack, Site Links, Video","0.08,0.07,0.07,0.08,0.10,0.10,0.20,0.24,0.20,0.13,0.10,0.08",20,,
br,camiseta surfista,,,,,,90,0,0.13,1.00,,,,"0.08,0.08,0.08,0.10,0.08,0.06,0.18,0.22,0.10,0.08,0.08,1.00",,,
br,camiseta surfwear,,,,,,20,0,0.18,1.00,,,,"0.00,0.21,0.14,0.07,0.14,0.14,0.14,0.21,0.14,0.07,0.14,0.07",,,
br,camiseta térmica surf,,,,,,0,0,0.00,0.00,,,,"0.00,0.00,0.00,0.00,0.00,0.00,0.00,0.00,0.00,0.00,0.00,0.00",,,
br,camiseta uv,,,,,,3600,16,0.13,1.00,193,Commercial,"Video, Video Carousel, People Also Ask, Popular Products, Related Searches, Image Pack, Site Links","0.23,0.23,0.23,0.23,0.54,0.44,0.66,0.81,0.54,0.44,0.35,0.29",20,,
br,camiseta uv 50 masculina,,,,,,110,10,0.11,1.00,198,Commercial,"Site Links, Video, People Also Ask, Popular Products","0.10,0.07,0.07,0.07,0.10,0.23,0.43,0.43,1.00,0.53,0.17,0.17",20,,
br,camiseta uv com ziper,,,,,,70,0,0.10,1.00,,,,"0.50,0.50,0.50,0.50,0.14,0.14,0.14,0.14,0.21,0.78,0.78,1.00",,,
br,camiseta uv feminina,,,,,,1900,16,0.09,1.00,1160000,Commercial,"Image, People Also Ask, Related Searches, Image Pack, Site Links, Video","0.18,0.16,0.35,0.24,0.29,0.29,0.35,0.53,0.66,0.44,0.29,0.29",20,,
br,camiseta uv feminina manga longa,,,,,,320,12,0.09,1.00,184,Commercial,"Site Links, Video, People Also Ask, Popular Products, Related Searches, Image Pack","0.72,0.14,0.11,0.72,0.17,0.17,0.26,0.26,0.39,0.59,0.21,0.21",20,,
br,camiseta uv folgada,,,,,,,,,,,,,,,,
br,camiseta uv gola alta,,,,,,40,0,0.09,1.00,,,,"0.18,0.27,0.18,0.27,0.36,0.27,0.63,0.45,0.45,0.45,0.36,0.45",,,
br,camiseta uv infantil,,,,,,720,11,0.17,1.00,168,Commercial,"Image, Short Videos, Image Pack, Video, Adwords Bottom, Video Carousel, Popular Products, Related Searches, Site Links","0.08,0.03,0.04,0.08,0.16,0.20,0.36,0.52,0.36,0.24,0.10,0.16",20,,
br,camiseta uv masculina,,,,,,2900,17,0.11,1.00,200,Commercial,"Video, People Also Ask, Popular Products, Related Searches, Image Pack, Site Links","0.43,0.24,0.24,0.28,0.43,0.43,0.66,1.00,0.81,0.54,0.43,0.36",20,,
br,camiseta uv masculina manga longa,,,,,,590,12,0.11,1.00,181,Commercial,"Site Links, Video, People Also Ask, Popular Products, Related Searches","0.13,0.11,0.11,0.11,0.16,0.20,0.25,0.46,0.46,1.00,0.31,0.25",20,,
br,camiseta uv para criança,,,,,,0,0,0.00,0.99,,,,"0.00,0.00,0.00,0.00,0.00,0.00,0.00,0.00,0.00,0.00,0.00,0.00",,,
br,camiseta uv slim,,,,,,,,,,,,,,,,
br,camiseta uv surf,,,,,,10,0,0.16,0.99,,,,"0.00,0.00,0.00,0.00,0.04,0.00,0.14,0.19,0.09,0.04,0.14,0.09",,,
br,camiseta uv50,,,,,,70,0,0.10,1.00,,,,"0.00,0.04,0.03,0.02,0.02,0.03,0.29,0.04,0.44,0.01,0.00,0.01",,,
br,camisetas femininas surf,,,,,,210,9,0.11,1.00,174,Commercial,"Site Links, Video, Popular Products, Related Searches","0.23,0.23,0.15,0.19,0.29,0.29,0.36,0.54,0.36,0.19,0.23,0.23",20,,
br,camisetas lycra surf,,,,,,70,0,0.11,1.00,,,,"0.04,0.09,0.23,0.14,0.33,0.33,0.52,0.42,0.42,0.52,0.33,0.42",,,
br,canga de praia,,,,,,14800,19,0.10,1.00,209,Informational,"Image Pack, Site Links, Video, People Also Ask, Popular Products, Related Searches, Short Videos","0.20,0.16,0.20,0.20,0.29,0.36,0.54,1.00,0.81,0.36,0.24,0.29",20,,
br,canga de praia grande,,,,,,590,21,0.09,1.00,212,"Informational, Commercial","Site Links, Video, People Also Ask, Popular Products, Related Searches, Image Pack","0.20,0.13,0.11,0.16,0.25,0.25,0.31,1.00,0.84,0.37,0.25,0.31",20,,
br,canga estampada,,,,,,140,7,0.29,1.00,201,"Informational, Commercial","Related Searches, Short Videos, Adwords Middle, Image Pack, Site Links, Video, Image, Popular Products","0.26,0.19,0.34,0.65,0.53,0.42,0.65,0.80,0.80,0.42,0.34,0.34",20,,
br,capa de banho praia,,,,,,,,,,,,,,,,
br,capuz de neoprene surf,,,,,,,,,,,,,,,,
br,colete de neoprene,,,,,,110,4,0.13,1.00,763000,"Informational, Commercial","People Also Ask, Popular Products, Related Searches, Image Pack, Site Links, Video, Image","0.52,0.42,0.52,0.42,0.33,0.42,0.33,0.33,0.66,0.42,0.33,0.52",20,,
br,como começar a surfar,,,,,,20,0,0.13,0.33,,,,"0.22,0.22,0.22,0.22,0.22,0.22,0.22,0.22,0.22,0.22,0.22,0.22",,,
br,como conservar roupa de praia,,,,,,,,,,,,,,,,
br,como escolher lycra de surf,,,,,,,,,,,,,,,,
br,como escolher maio de surf,,,,,,,,,,,,,,,,
br,como escolher roupa de neoprene,,,,,,,,,,,,,,,,
br,como escolher tamanho de roupa de surf,,,,,,,,,,,,,,,,
br,como evitar assadura no surf,,,,,,,,,,,,,,,,
br,como lavar lycra de surf,,,,,,,,,,,,,,,,
br,como lavar roupa de neoprene,,,,,,20,0,0.00,0.01,,,,"0.14,0.14,0.14,0.14,0.14,0.14,0.14,0.14,0.14,0.14,0.14,0.14",,,
br,como lavar roupa de praia,,,,,,20,0,0.00,0.33,,,,"0.14,0.14,0.14,0.14,0.14,0.14,0.14,0.14,0.28,0.14,0.14,0.14",,,
br,como medir tamanho de biquini,,,,,,0,0,0.00,0.00,,,,"0.00,0.00,0.00,0.00,0.00,0.00,0.00,0.00,0.00,0.00,0.00,0.00",,,
br,como se proteger do sol no surf,,,,,,0,0,0.00,0.00,,,,"0.00,0.00,0.00,0.00,0.00,0.00,0.00,0.00,0.00,0.00,0.00,0.00",,,
br,como se trocar na praia,,,,,,,,,,,,,,,,
br,como secar roupa de surf,,,,,,,,,,,,,,,,
br,como tirar parafina da lycra de surf,,,,,,0,0,0.00,0.00,,,,"0.00,0.00,0.00,0.00,0.00,0.00,0.00,0.00,0.00,0.00,0.00,0.00",,,
br,como trocar de roupa na praia sem constrangimento,,,,,,,,,,,,,,,,
br,como usar poncho de surf,,,,,,,,,,,,,,,,
br,como vestir a lycra de surf,,,,,,,,,,,,,,,,
br,como vestir roupa de neoprene,,,,,,20,0,0.00,0.33,,,,"0.40,0.40,0.40,0.40,0.40,0.40,0.40,0.40,0.40,0.40,0.40,0.40",,,
br,comprar bermuda de surf,,,,,,0,0,0.00,0.00,,,,"0.00,0.00,0.00,0.00,0.00,0.00,0.00,0.00,0.00,0.00,0.00,0.00",,,
br,comprar biquini online,,,,,,20,0,0.38,1.00,,,,"0.07,0.07,0.11,0.11,0.11,0.07,0.11,0.07,0.15,0.07,0.07,0.07",,,
br,comprar lycra de surf,,,,,,0,0,0.00,0.00,,,,"0.00,0.00,0.00,0.00,0.00,0.00,0.00,0.00,0.00,0.00,0.00,0.00",,,
br,comprar maio de surf,,,,,,0,0,0.00,0.00,,,,"0.00,0.00,0.00,0.00,0.00,0.00,0.00,0.00,0.00,0.00,0.00,0.00",,,
br,comprar poncho de surf,,,,,,,,,,,,,,,,
br,comprar roupa de neoprene,,,,,,20,0,0.00,0.86,,,,"0.22,0.22,0.22,0.22,0.22,0.22,0.22,0.22,0.22,0.22,0.22,0.22",,,
br,comprar saída de praia,,,,,,50,0,0.10,1.00,,,,"0.27,0.09,0.27,0.27,0.36,0.45,0.45,1.00,0.63,0.45,0.18,0.27",,,
br,comprar use zero hora,,,,,,,,,,,,,,,,
br,conjunto de biquini,,,,,,320,21,0.11,1.00,182,Commercial,"Popular Products, Related Searches, Image Pack, Site Links, Video, Video Carousel, People Also Ask","0.05,0.07,0.07,0.13,0.13,0.11,0.16,0.16,0.16,0.11,0.11,0.05",20,,
br,conjunto de praia feminino,,,,,,880,29,0.08,1.00,223,"Informational, Commercial","Video, People Also Ask, Popular Products, Related Searches, Image Pack, Site Links","0.30,0.30,0.36,0.45,0.67,1.00,0.76,1.00,1.00,0.45,0.45,0.36",20,,
br,conjunto praia feminino,,,,,,880,24,0.15,1.00,198,Commercial,"Popular Products, Related Searches, Image Pack, Site Links, Video, Image","0.16,0.16,0.31,0.37,0.52,0.52,0.84,0.84,0.84,0.37,0.37,0.37",20,,
br,conjunto saída de praia,,,,,,140,18,0.15,1.00,38100000,"Informational, Commercial","Related Searches, Short Videos, Image Pack, Site Links, Video, Image, Popular Products","0.28,0.21,0.21,0.53,0.53,0.53,0.81,1.00,0.81,0.43,0.34,0.34",20,,
br,cropped de praia,,,,,,70,0,0.15,0.98,,,,"0.14,0.19,0.23,0.19,0.23,0.23,0.52,0.66,0.52,0.19,0.19,0.09",,,
br,diferença entre beachwear e surfwear,,,,,,,,,,,,,,,,
br,diferença entre neoprene e lycra,,,,,,,,,,,,,,,,
br,diferença entre rash guard e lycra,,,,,,,,,,,,,,,,
br,equipamento de surf iniciante,,,,,,,,,,,,,,,,
br,espessura de neoprene surf,,,,,,,,,,,,,,,,
br,kaftan de praia,,,,,,30,0,0.20,0.93,,,,"0.40,0.40,0.40,0.40,0.40,0.60,0.80,1.00,1.00,0.40,0.40,0.40",,,
br,loja de surf,,,,,,2400,50,0.11,1.00,12900000,Commercial,"Related Searches, Local Pack, Site Links, Video, Image","0.35,0.35,0.35,0.35,0.29,0.35,0.44,0.81,0.66,0.35,0.53,0.24",20,,
br,loja de surf online,,,,,,70,0,0.21,1.00,,,,"0.19,0.34,0.26,0.26,0.19,0.26,0.26,0.42,0.19,0.19,0.19,0.19",,,
br,loja de surfwear,,,,,,140,0,0.14,0.97,,,,"0.00,0.00,0.00,0.00,0.00,0.00,0.00,0.00,0.00,0.00,1.00,0.00",,,
br,loja use zero hora,,,,,,,,,,,,,,,,
br,long john neoprene,,,,,,20,0,0.10,1.00,,,,"0.18,0.18,0.18,0.18,0.18,0.18,0.18,0.18,0.18,0.18,0.18,0.18",,,
br,long john surf,,,,,,110,8,0.12,1.00,191,Commercial,"Site Links, Reviews, Video, People Also Ask, Popular Products, Related Searches, Short Videos, Image Pack","0.52,0.66,0.66,0.52,0.52,0.42,0.52,0.42,0.42,0.42,0.52,0.80",20,,
br,look de praia feminino,,,,,,390,30,0.13,1.00,178,Informational,"Image Pack, Site Links, Video, Image, People Also Ask, Popular Products, Related Searches, Short Videos","0.05,0.11,0.20,0.20,0.25,0.25,0.13,0.31,0.46,0.25,0.16,0.20",20,,
br,luva de neoprene surf,,,,,,0,0,0.00,0.00,,,,"0.00,0.00,0.00,0.00,0.00,0.00,0.00,0.00,0.00,0.00,0.00,0.00",,,
br,lycra de praia,,,,,,20,0,0.00,0.92,,,,"1.00,1.00,1.00,1.00,1.00,1.00,1.00,1.00,1.00,1.00,1.00,1.00",,,
br,lycra de surf,,,,,,140,8,0.08,1.00,176,Commercial,"People Also Ask, Popular Products, Related Searches, Image Pack, Site Links","0.52,0.52,0.42,0.52,0.52,0.52,0.52,1.00,1.00,0.42,0.52,0.66",20,,
br,lycra de surf pode usar na piscina,,,,,,,,,,,,,,,,
br,lycra de surf preço,,,,,,,,,,,,,,,,
br,lycra infantil praia,,,,,,,,,,,,,,,,
br,lycra manga curta surf,,,,,,0,0,0.00,0.00,,,,"0.00,0.00,0.00,0.00,0.00,0.00,0.00,0.00,0.00,0.00,0.00,0.00",,,
br,lycra manga longa infantil,,,,,,,,,,,,,,,,
br,lycra manga longa surf,,,,,,30,0,0.13,1.00,,,,"0.14,0.14,0.14,0.14,0.14,0.14,0.14,1.00,0.21,0.14,0.14,0.14",,,
br,lycra para natação,,,,,,0,0,0.00,0.00,,,,"0.00,1.00,0.00,0.00,0.00,0.00,0.00,0.00,0.00,0.00,0.00,0.00",,,
br,lycra para surf,,,,,,50,0,0.11,1.00,,,,"0.02,0.01,0.02,0.03,0.02,0.02,0.03,0.04,0.02,0.01,0.01,0.03",,,
br,lycra surf,,,,,,880,9,0.10,1.00,166,Commercial,"Site Links, Video, Image, Popular Products, Related Searches, Short Videos, Image Pack","0.24,0.20,0.20,0.24,0.20,0.24,0.44,0.44,0.55,0.30,0.34,0.34",20,,
br,lycra surf feminina,,,,,,170,7,0.12,1.00,168,"Informational, Commercial","Image Pack, Site Links, Image, Popular Products, Related Searches","0.35,0.29,0.29,0.18,0.29,0.35,0.35,0.54,0.54,0.35,0.43,0.43",20,,
br,lycra surf infantil,,,,,,20,0,0.11,1.00,,,,"0.14,0.14,0.14,0.14,0.14,0.14,0.14,0.21,0.21,0.14,0.14,0.14",,,
br,lycra surf masculina,,,,,,260,7,0.09,1.00,197,Commercial,"Site Links, Popular Products, Related Searches, Image Pack","0.36,0.36,0.23,0.29,0.23,0.29,0.36,0.54,0.44,0.36,0.36,0.36",20,,
br,lycra surf tamanho,,,,,,,,,,,,,,,,
br,lycra uv infantil,,,,,,0,0,0.00,0.00,,,,"0.00,0.00,0.00,0.00,0.00,0.00,0.00,0.00,0.00,0.00,0.00,0.00",,,
br,macacão de praia,,,,,,170,11,0.20,0.99,222,Informational,"Image Pack, Site Links, Video, People Also Ask, Popular Products, Related Searches","0.18,0.15,0.28,0.28,0.35,0.35,0.23,0.44,0.54,0.28,0.18,0.18",20,,
br,macaquinho de neoprene,,,,,,20,0,0.05,1.00,,,,"0.18,0.18,0.18,0.18,0.18,0.18,0.18,0.18,0.18,0.18,0.18,0.18",,,
br,macaquinho de surf,,,,,,40,0,0.10,0.96,,,,"0.18,0.18,0.18,0.18,0.18,1.00,0.36,0.27,1.00,0.18,0.27,0.27",,,
br,macaquinho para surfar,,,,,,,,,,,,,,,,
br,macaquinho praia,,,,,,260,10,0.15,1.00,172,"Informational, Commercial","Site Links, Video, Image, Video Carousel, People Also Ask, Popular Products, Related Searches, Image Pack","0.23,0.18,0.35,0.35,0.44,0.54,0.66,1.00,0.81,0.44,0.28,0.35",20,,
br,maio cavado,,,,,,2900,27,0.14,1.00,600000,Commercial,"Image Pack, Site Links, Video, Image, People Also Ask, Related Searches","0.19,0.16,0.13,0.36,0.24,0.29,0.24,0.44,0.44,0.24,0.24,0.16",20,,
br,maio com bojo,,,,,,2400,21,0.13,1.00,1650000,Informational,"Video, Image, Related Searches, Image Pack, Site Links","0.06,0.06,0.08,0.12,0.12,0.19,0.24,0.19,0.24,0.10,0.05,0.05",20,,
br,maio com bojo removível,,,,,,0,0,0.00,0.00,,,,"0.00,0.00,0.00,0.00,0.00,0.00,0.00,0.00,0.00,0.00,0.00,0.00",,,
br,maio com proteção solar,,,,,,30,0,0.20,1.00,,,,"0.07,0.07,0.11,0.07,0.07,0.07,0.07,0.34,0.42,0.07,0.07,0.07",,,
br,maio com proteção uv,,,,,,260,10,0.13,1.00,202,Informational,"Image Pack, Site Links, Video, Image, Popular Products, Related Searches","0.07,0.11,0.14,0.17,0.21,0.26,0.39,0.39,0.48,0.17,0.14,0.14",20,,
br,maio com ziper,,,,,,170,10,0.15,1.00,208,Informational,"Image Pack, Site Links, Video, Image, Popular Products, Related Searches","0.35,0.35,0.43,0.28,0.53,0.53,0.53,0.53,0.82,0.53,0.43,0.43",20,,
br,maio com ziper frontal,,,,,,30,0,0.12,1.00,,,,"0.10,0.07,0.12,0.12,0.05,0.05,0.05,0.05,0.05,0.05,0.05,0.05",,,
br,maio de banho feminino,,,,,,170,24,0.14,1.00,192,Commercial,"Popular Products, Related Searches, Site Links, Video, People Also Ask","0.35,0.35,0.54,0.35,0.35,0.54,0.54,0.43,0.43,0.29,0.18,0.22",20,,
br,maio de competição surf,,,,,,,,,,,,,,,,
br,maio de praia,,,,,,18100,27,0.15,1.00,195,Commercial,"Video, Image, Popular Products, Related Searches, Short Videos, Site Links","0.13,0.08,0.10,0.13,0.20,0.36,0.66,0.81,0.81,0.36,0.36,0.29",20,,
br,maio de surf,,,,,,390,10,0.14,1.00,175,Commercial,"Video, Image, Popular Products, Related Searches, Image Pack, Site Links","0.07,0.11,0.20,0.20,0.13,0.25,0.31,0.16,0.46,0.08,0.13,0.20",20,,
br,maio de surf barato,,,,,,,,,,,,,,,,
br,maio de surf com forro,,,,,,,,,,,,,,,,
br,maio de surf feminino,,,,,,140,13,0.10,1.00,170,Commercial,"Video, Popular Products, Related Searches, Site Links","0.08,0.11,0.35,0.35,0.11,0.15,0.23,0.23,0.66,0.28,0.23,0.08",20,,
br,maio de surf infantil,,,,,,20,0,0.00,1.00,,,,"1.00,1.00,1.00,1.00,1.00,1.00,1.00,1.00,1.00,1.00,1.00,1.00",,,
br,maio de surf nacional,,,,,,,,,,,,,,,,
br,maio de surf preço,,,,,,,,,,,,,,,,
br,maio de surf tamanho grande,,,,,,,,,,,,,,,,
br,maio de surfe,,,,,,20,0,0.11,0.93,,,,"1.00,1.00,1.00,1.00,1.00,1.00,1.00,1.00,1.00,1.00,1.00,1.00",,,
br,maio esportivo,,,,,,170,18,0.10,1.00,202,Commercial,"Image Pack, Site Links, Video, Popular Products, Related Searches","0.22,0.14,0.35,0.43,0.22,0.18,0.43,0.35,0.81,0.43,0.35,0.22",20,,
br,maio esportivo feminino,,,,,,110,18,0.10,1.00,189,"Informational, Commercial","Image Pack, Site Links, Video, Popular Products, Related Searches","0.26,0.26,0.34,0.65,0.65,0.65,0.42,0.34,0.42,0.19,0.34,0.34",20,,
br,maio esportivo natação,,,,,,0,0,0.00,0.00,,,,"0.00,0.00,0.00,0.00,0.00,0.00,0.00,0.00,0.00,0.00,0.00,0.00",,,
br,maio feminino,,,,,,12100,25,0.12,1.00,199,Commercial,"Popular Products, Related Searches, Site Links, Video","0.20,0.20,0.20,0.24,0.36,0.44,0.44,0.54,0.36,0.29,0.16,0.20",20,,
br,maio feminino esportivo,,,,,,,,,,,,,,,,
br,maio fitness,,,,,,20,0,0.22,1.00,,,,"0.18,0.18,0.18,0.18,0.18,0.18,0.18,0.18,0.18,0.18,0.18,0.18",,,
br,maio frente única,,,,,,20,0,0.15,1.00,,,,"0.14,0.00,0.57,0.28,0.28,0.28,0.42,0.71,0.42,0.14,0.14,0.28",,,
br,maio gola alta,,,,,,110,2,0.20,1.00,175,"Informational, Commercial","Site Links, Video, Popular Products, Related Searches, Image Pack","0.17,0.12,0.23,0.17,0.28,0.35,0.35,0.43,0.53,0.23,0.23,0.23",20,,
br,maio infantil surf,,,,,,,,,,,,,,,,
br,maio manga longa,,,,,,1900,12,0.16,1.00,178,Commercial,"Image Pack, Site Links, Video, Popular Products, Related Searches","0.16,0.16,0.24,0.16,0.19,0.16,0.29,0.29,0.29,0.16,0.13,0.16",20,,
br,maio manga longa proteção uv,,,,,,140,21,0.11,1.00,208,Commercial,"Related Searches, Image Pack, Site Links, Reviews, Video, People Also Ask, Popular Products","0.08,0.08,0.05,0.10,0.10,0.06,0.16,0.24,0.20,0.10,0.03,0.06",20,,
br,maio manga longa surf,,,,,,110,17,0.13,1.00,71900,"Informational, Commercial","Image Pack, Video, Image, Popular Products, Related Searches","0.18,0.18,0.22,0.18,0.18,0.18,0.29,0.22,0.29,0.14,0.18,0.14",90,,
br,maio natação feminino,,,,,,5400,24,0.08,1.00,198,Commercial,"Video Carousel, People Also Ask, Popular Products, Related Searches, Short Videos, Image Pack, Site Links, Video","0.44,0.44,0.36,0.44,0.66,0.54,0.44,0.44,0.81,0.54,0.66,0.54",20,,
br,maio ou biquini para surfar,,,,,,,,,,,,,,,,
br,maio para academia,,,,,,20,0,0.10,1.00,,,,"0.18,0.18,0.18,0.18,0.18,0.18,0.18,0.18,0.18,0.18,0.18,0.18",,,
br,maio para hidroginastica,,,,,,1600,24,0.09,1.00,114000,Commercial,"Image, Related Searches, Short Videos, Image Pack, Site Links, Video, Video Carousel, People Also Ask, Popular Products","0.36,0.24,0.13,0.36,0.36,0.54,0.43,0.00,0.04,0.02,0.04,0.36",20,,
br,maio para kitesurf,,,,,,20,0,0.20,1.00,,,,"1.00,1.00,1.00,1.00,1.00,1.00,1.00,1.00,1.00,1.00,1.00,1.00",,,
br,maio para natação,,,,,,1600,19,0.10,1.00,7650000,Commercial,"Image, Video Carousel, People Also Ask, Related Searches, Image Pack, Site Links, Video","0.53,0.24,0.44,0.16,0.16,0.44,0.24,0.16,0.44,0.13,0.16,0.18",20,,
br,maio para praia esportivo,,,,,,,,,,,,,,,,
br,maio para stand up paddle,,,,,,,,,,,,,,,,
br,maio para sup,,,,,,,,,,,,,,,,
br,maio para surf,,,,,,590,22,0.14,1.00,188,"Informational, Commercial","Popular Products, Related Searches, Short Videos, Image Pack, Site Links, Video, Video Carousel","0.25,0.11,0.16,0.37,0.37,0.37,0.37,0.68,0.68,0.31,0.31,0.37",20,,
br,maio para surfar,,,,,,210,24,0.15,1.00,215,Commercial,"Video, People Also Ask, Popular Products, Related Searches, Image Pack, Site Links","0.00,0.00,0.24,0.00,0.30,0.55,0.00,0.00,0.36,0.00,0.00,0.45",20,,
br,maio preto surf,,,,,,0,0,0.00,0.00,,,,"0.00,0.00,0.00,0.00,0.00,0.00,0.00,0.00,0.00,0.00,0.00,0.00",,,
br,maio proteção uv50,,,,,,,,,,,,,,,,
br,maio que não marca,,,,,,,,,,,,,,,,
br,maio que não sai no surf,,,,,,,,,,,,,,,,
br,maio surf,,,,,,720,15,0.15,1.00,211,Informational,"Site Links, Video, Video Carousel, Popular Products, Related Searches, Short Videos, Image Pack","0.16,0.13,0.24,0.20,0.30,0.30,0.30,0.41,0.54,0.30,0.30,0.36",20,,
br,maio surf alta compressão,,,,,,,,,,,,,,,,
br,maio surf colorido,,,,,,,,,,,,,,,,
br,maio surf com manga,,,,,,,,,,,,,,,,
br,maio surf estampado,,,,,,,,,,,,,,,,
br,maio surf feminino,,,,,,590,21,0.13,1.00,189,Commercial,"Popular Products, Related Searches, Image Pack, Site Links, Video","0.16,0.10,0.13,0.20,0.16,0.20,0.24,0.41,0.54,0.07,0.24,0.24",20,,
br,maio surf manga curta,,,,,,20,0,0.11,1.00,,,,"0.02,0.02,0.02,0.02,0.02,0.02,0.02,0.02,0.02,0.02,0.02,0.02",,,
br,maio surf preto,,,,,,,,,,,,,,,,
br,maio surfista,,,,,,110,13,0.15,1.00,207,Commercial,"Related Searches, Image Pack, Site Links, Video, Image, Video Carousel, Popular Products","0.05,0.05,0.03,0.02,0.02,0.02,0.03,0.05,0.07,0.03,0.03,0.03",20,,
br,maio surfista feminino,,,,,,320,20,0.13,1.00,201,Commercial,"Video, Image, Popular Products, Related Searches, Image Pack, Site Links","0.29,0.19,0.23,0.23,0.36,0.29,0.54,0.81,0.67,0.29,0.44,0.36",20,,
br,maio uv50,,,,,,0,0,0.00,0.00,,,,"0.00,0.00,0.00,0.00,0.00,0.00,0.00,0.00,0.00,0.00,0.00,0.00",,,
br,maio ziper frontal surf,,,,,,,,,,,,,,,,
br,maiô de surf,,,,,,260,21,0.13,1.00,177,Commercial,"Image, Video Carousel, Popular Products, Related Searches, Short Videos, Image Pack, Site Links, Video","0.13,0.08,0.11,0.11,0.13,0.16,0.31,0.16,0.46,0.11,0.11,0.20",20,,
br,maiô de surf feminino,,,,,,170,19,0.10,1.00,211,Commercial,"Image Pack, Site Links, Video, Popular Products, Related Searches","0.11,0.15,0.35,0.28,0.23,0.23,0.28,0.28,0.54,0.28,0.23,0.15",20,,
br,maiô de surfista feminino,,,,,,170,21,0.12,1.00,96800,Commercial,"Related Searches, Image Pack, Site Links, Video, Image, Video Carousel, Popular Products","0.17,0.23,0.53,0.43,0.28,0.23,0.35,0.43,0.82,0.23,0.35,0.17",20,,
br,maiô gola alta,,,,,,170,14,0.20,1.00,196,"Informational, Commercial","Image, People Also Ask, Popular Products, Related Searches, Image Pack, Site Links, Video","0.23,0.23,0.35,0.28,0.53,0.43,0.43,0.43,0.53,0.43,0.43,0.35",20,,
br,maiô manga longa,,,,,,1300,11,0.18,1.00,761000,"Informational, Commercial","Image Pack, Site Links, Video, Image, Related Searches","0.29,0.36,0.22,0.16,0.29,0.22,0.29,0.36,0.29,0.36,0.29,0.13",20,,
br,maiô para surf,,,,,,70,0,0.14,1.00,,,,"0.08,0.11,0.23,0.00,0.01,0.00,0.00,0.00,0.05,1.00,0.00,0.00",,,
br,maiô para surfar,,,,,,0,0,0.00,0.00,,,,"0.00,0.00,0.00,0.00,0.00,0.00,0.00,0.00,0.00,0.00,0.00,0.00",,,
br,maiô surf,,,,,,390,20,0.14,1.00,176,"Informational, Commercial","Related Searches, Image Pack, Site Links, Video, Video Carousel, Popular Products","0.24,0.10,0.45,0.04,0.24,0.30,0.06,0.81,0.81,0.24,0.04,0.45",20,,
br,maiô surf feminino,,,,,,140,0,0.13,1.00,,,,"0.01,0.00,0.01,0.01,0.02,0.01,0.08,0.05,0.04,0.13,0.16,0.20",,,
br,maiô surfista,,,,,,50,0,0.14,1.00,,,,"0.01,0.01,0.01,0.02,0.03,0.03,0.03,0.04,0.06,0.03,0.03,0.03",,,
br,marca de surf brasileira,,,,,,30,0,0.18,0.55,,,,"0.11,1.00,0.11,0.11,0.11,0.11,0.11,0.11,0.17,0.05,0.11,0.05",,,
br,marca use zero hora,,,,,,,,,,,,,,,,
br,marcas brasileiras de moda praia,,,,,,0,0,0.00,0.00,,,,"0.00,0.00,0.00,0.00,0.00,0.00,0.00,0.00,0.00,0.00,0.00,1.00",,,
br,marcas de surfwear,,,,,,140,10,0.13,1.00,154,Informational,"Site Links, Video, People Also Ask, Popular Products, Related Searches, AI Overview, Image Pack","0.67,0.01,0.30,0.01,0.01,0.02,0.02,0.02,1.00,0.02,0.01,0.01",20,,
br,melhor bermuda para surfar,,,,,,0,0,0.00,0.00,,,,"0.00,0.00,0.00,0.00,0.00,0.00,0.00,0.00,0.00,0.00,0.00,0.00",,,
br,melhor lycra para surf,,,,,,,,,,,,,,,,
br,melhor maio para surfar,,,,,,,,,,,,,,,,
br,melhor poncho de surf,,,,,,,,,,,,,,,,
br,melhor roupa de neoprene,,,,,,0,0,0.00,0.00,,,,"0.00,0.00,0.00,0.00,0.00,0.00,0.00,0.00,0.00,0.00,0.00,0.00",,,
br,melhor tecido para roupa de praia,,,,,,,,,,,,,,,,
br,melhores marcas de surfwear do brasil,,,,,,,,,,,,,,,,
br,melhores praias para surfar no brasil,,,,,,90,11,0.09,0.07,590000,Commercial,"Video, Image, Video Carousel, People Also Ask, Related Searches, AI Overview, Site Links","0.34,0.15,0.53,0.42,0.26,0.42,0.26,0.34,0.42,0.19,0.19,0.19",20,,
br,mini saia transparente,,,,,,140,23,0.06,0.87,182,Commercial,"Site Links, Video, Popular Products","0.65,0.80,0.53,0.42,0.65,0.53,0.34,0.42,0.42,0.42,0.42,0.42",20,,
br,moda praia 2026,,,,,,880,18,0.14,1.00,80800000,Informational,"Image Pack, Video, Image, Video Carousel, People Also Ask, Related Searches, Short Videos","0.02,0.02,0.08,0.16,0.24,0.35,0.35,0.53,1.00,0.29,0.24,0.24",90,,
br,moda praia brasileira,,,,,,20,0,0.24,0.89,,,,"0.40,0.40,0.40,0.20,0.40,0.40,0.40,0.40,0.40,0.40,0.40,0.40",,,
br,moda praia esportiva,,,,,,0,0,0.00,0.00,,,,"0.00,0.00,0.00,0.00,0.00,0.00,0.00,0.00,0.00,0.00,0.00,0.00",,,
br,moda praia feminina,,,,,,2400,49,0.18,1.00,16100000,Commercial,"Site Links, Video, People Also Ask, Popular Products, Related Searches, Local Pack, Image Pack","0.18,0.18,0.29,0.44,0.53,0.53,0.81,1.00,0.81,0.44,0.44,0.53",20,,
br,moda praia masculina,,,,,,1900,29,0.17,1.00,9340000,Commercial,"Local Pack, Site Links, Video, Image, Popular Products, Related Searches","0.15,0.15,0.28,0.19,0.36,0.43,0.36,0.36,0.36,0.24,0.28,0.19",20,,
br,moda praia surf,,,,,,20,0,0.00,1.00,,,,"0.50,0.50,0.50,0.50,0.50,0.50,0.50,0.50,0.50,0.50,0.50,0.50",,,
br,moda resort feminina,,,,,,0,0,0.00,0.00,,,,"0.00,0.00,0.00,0.00,0.00,0.00,0.00,0.00,0.00,0.00,0.00,0.00",,,
br,neoprene 2mm,,,,,,40,0,0.10,1.00,,,,"0.19,0.19,0.19,0.26,0.15,0.11,0.11,0.07,0.07,0.07,0.07,0.19",,,
br,neoprene 3mm,,,,,,110,19,0.18,1.00,188,"Informational, Commercial","Image, People Also Ask, Popular Products, Related Searches, Image Pack, Site Links, Video","0.64,0.82,0.52,0.64,0.52,0.52,0.52,0.64,0.52,0.64,0.82,1.00",20,,
br,neoprene inverno surf,,,,,,,,,,,,,,,,
br,neoprene nacional,,,,,,,,,,,,,,,,
br,neoprene para kitesurf,,,,,,0,0,0.00,0.00,,,,"0.00,0.00,0.00,0.00,0.00,0.00,0.00,0.00,0.00,0.00,0.00,0.00",,,
br,neoprene para pesca,,,,,,0,0,0.00,0.00,,,,"0.00,0.00,0.00,0.00,0.00,0.00,0.00,0.00,0.00,0.00,0.00,0.00",,,
br,neoprene para stand up paddle,,,,,,,,,,,,,,,,
br,neoprene surf 3 2,,,,,,,,,,,,,,,,
br,o que levar para o surf,,,,,,,,,,,,,,,,
br,o que significa fps na roupa,,,,,,,,,,,,,,,,
br,o que significa uv50,,,,,,0,0,0.00,0.00,,,,"0.00,0.00,0.00,0.00,0.00,0.00,0.00,0.00,0.00,0.00,0.00,0.00",,,
br,o que usar embaixo da lycra de surf,,,,,,,,,,,,,,,,
br,o que usar embaixo do maio de surf,,,,,,,,,,,,,,,,
br,o que vestir na praia,,,,,,40,0,0.10,1.00,,,,"0.09,0.09,0.19,0.09,0.14,0.19,0.09,0.66,0.52,0.09,0.09,0.09",,,
br,o que vestir para surfar,,,,,,,,,,,,,,,,
br,o que é beachwear,,,,,,20,0,0.00,0.13,,,,"0.14,0.14,0.14,0.14,0.14,0.14,0.14,0.14,0.14,0.14,0.14,0.14",,,
br,o que é lycra de surf,,,,,,,,,,,,,,,,
br,o que é poncho de surf,,,,,,,,,,,,,,,,
br,o que é rash guard,,,,,,260,5,0.07,0.48,177,Informational,"Video, Image, Popular Products, Related Searches, Short Videos, Video Carousel, People Also Ask, AI Overview, Site Links","0.53,0.43,1.00,0.82,1.00,1.00,1.00,0.82,0.82,0.28,0.82,0.82",20,,
br,o que é tecido com proteção uv,,,,,,0,0,0.00,0.00,,,,"0.00,0.00,0.00,0.00,0.00,0.00,0.00,0.00,0.00,0.00,0.00,0.00",,,
br,o que é uv50,,,,,,,,,,,,,,,,
br,onde comprar lycra de surf,,,,,,,,,,,,,,,,
br,onde comprar poncho de surf,,,,,,,,,,,,,,,,
br,onde comprar roupa de surf,,,,,,,,,,,,,,,,
br,para que serve a lycra de surf,,,,,,,,,,,,,,,,
br,para que serve poncho de surf,,,,,,,,,,,,,,,,
br,pareô de praia,,,,,,50,0,0.18,1.00,,,,"0.01,0.00,0.01,0.01,0.05,0.04,0.02,0.04,0.05,0.39,0.01,0.01",,,
br,poncho atoalhado,,,,,,170,11,0.10,1.00,194,Commercial,"Image Pack, Site Links, Video, Image, People Also Ask, Popular Products, Related Searches","0.43,0.35,0.28,0.35,0.43,0.66,0.43,0.35,0.43,0.43,0.43,0.43",20,,
br,poncho atoalhado feminino,,,,,,40,0,0.14,1.00,,,,"0.63,0.63,0.36,0.45,0.45,0.36,0.18,0.18,0.18,0.18,0.18,0.27",,,
br,poncho atoalhado infantil,,,,,,210,11,0.12,1.00,224,Informational,"Video Carousel, People Also Ask, Popular Products, Related Searches, Image Pack, Site Links, Video, Image","0.18,0.18,0.23,0.23,0.28,0.54,0.44,0.44,0.44,0.28,0.18,0.28",20,,
br,poncho atoalhado masculino,,,,,,,,,,,,,,,,
br,poncho de algodão praia,,,,,,,,,,,,,,,,
br,poncho de banho infantil,,,,,,30,0,0.00,1.00,,,,"0.14,0.14,0.14,0.14,0.14,0.14,0.28,0.28,0.35,0.14,0.14,0.14",,,
br,poncho de natação infantil,,,,,,20,0,0.06,1.00,,,,"0.09,0.09,0.09,0.09,0.09,0.09,0.09,0.09,0.09,0.09,0.09,0.09",,,
br,poncho de praia,,,,,,50,0,0.07,1.00,,,,"0.05,0.10,0.05,0.07,0.05,0.12,0.12,0.35,0.28,0.10,0.07,0.05",,,
br,poncho de surf,,,,,,170,7,0.11,0.99,181,"Informational, Commercial","Reviews, Video, Image, Video Carousel, People Also Ask, Popular Products, Related Searches, Image Pack, Site Links","0.10,0.15,0.12,0.10,0.07,0.07,0.10,1.00,0.19,0.12,0.15,0.15",20,,
br,poncho de surf barato,,,,,,,,,,,,,,,,
br,poncho de surf como usar,,,,,,,,,,,,,,,,
br,poncho de surf estampado,,,,,,,,,,,,,,,,
br,poncho de surf feminino,,,,,,10,0,0.11,1.00,,,,"0.50,0.50,0.50,0.50,0.50,0.50,0.00,0.00,0.00,0.00,0.00,0.50",,,
br,poncho de surf grande,,,,,,,,,,,,,,,,
br,poncho de surf infantil,,,,,,0,0,0.00,0.00,,,,"0.00,0.00,0.00,0.00,0.00,0.00,0.00,0.00,0.00,0.00,0.00,0.00",,,
br,poncho de surf masculino,,,,,,20,0,0.07,1.00,,,,"0.28,0.28,0.28,0.00,0.28,0.28,0.28,0.28,0.28,0.28,0.28,0.28",,,
br,poncho de surf ou toalha,,,,,,,,,,,,,,,,
br,poncho de surf preço,,,,,,,,,,,,,,,,
br,poncho de surf tamanho,,,,,,,,,,,,,,,,
br,poncho de surf vale a pena,,,,,,,,,,,,,,,,
br,poncho de trocar roupa,,,,,,,,,,,,,,,,
br,poncho felpudo praia,,,,,,,,,,,,,,,,
br,poncho infantil praia,,,,,,20,0,0.00,1.00,,,,"0.04,0.04,0.04,0.04,0.04,0.04,0.08,0.06,0.04,0.04,0.04,0.04",,,
br,poncho microfibra,,,,,,40,0,0.04,1.00,,,,"0.12,0.12,0.12,0.02,0.00,0.02,0.02,0.02,0.02,0.02,0.02,0.02",,,
br,poncho microfibra praia,,,,,,,,,,,,,,,,
br,poncho natação,,,,,,110,16,0.10,1.00,221,"Informational, Commercial","Related Searches, Image Pack, Site Links, Video, Image, People Also Ask, Popular Products","1.00,1.00,0.52,0.52,0.64,0.64,0.64,0.41,1.00,0.82,0.52,1.00",20,,
br,poncho para kitesurf,,,,,,,,,,,,,,,,
br,poncho para mergulho,,,,,,,,,,,,,,,,
br,poncho para natação,,,,,,0,0,0.00,0.00,,,,"0.00,0.00,0.00,0.00,0.00,0.00,0.00,0.00,0.00,0.00,0.00,0.00",,,
br,poncho para piscina,,,,,,20,0,0.00,1.00,,,,"1.00,1.00,1.00,1.00,1.00,1.00,1.00,1.00,1.00,1.00,1.00,1.00",,,
br,poncho para stand up paddle,,,,,,,,,,,,,,,,
br,poncho para trocar de roupa,,,,,,,,,,,,,,,,
br,poncho para trocar roupa na praia,,,,,,,,,,,,,,,,
br,poncho praia,,,,,,70,0,0.15,1.00,,,,"0.08,0.10,0.10,0.14,0.10,0.14,0.14,0.29,0.22,0.08,0.10,0.08",,,
br,poncho surf,,,,,,590,8,0.16,1.00,201,"Informational, Commercial","Short Videos, Image Pack, Site Links, Video, Popular Products, Related Searches","0.81,0.81,0.54,0.54,0.54,0.44,0.54,0.67,0.67,0.44,0.44,0.54",20,,
br,poncho surf feminino,,,,,,90,4,0.12,1.00,178,"Informational, Commercial","Popular Products, Related Searches, Image Pack, Site Links, Video, Image","0.53,0.53,0.34,0.34,0.19,0.26,0.26,0.26,0.26,0.19,0.34,0.34",20,,
br,poncho surf infantil,,,,,,20,0,0.09,1.00,,,,"0.66,0.66,0.66,0.66,0.66,0.66,0.66,0.66,0.00,0.00,0.66,0.00",,,
br,poncho surf masculino,,,,,,110,7,0.08,1.00,179,Commercial,"Image Pack, Site Links, Video, Popular Products, Related Searches","0.52,0.80,0.66,0.52,0.33,0.52,1.00,0.66,0.42,0.33,0.42,0.42",20,,
br,poncho surf nacional,,,,,,,,,,,,,,,,
br,poncho toalha,,,,,,390,11,0.12,1.00,187,Commercial,"Image, Popular Products, Related Searches, Image Pack, Site Links, Video","0.26,0.32,0.26,0.32,0.39,0.48,0.48,0.48,0.48,0.21,0.32,0.26",20,,
br,poncho toalha adulto,,,,,,20,0,0.07,1.00,,,,"0.66,0.66,0.66,0.66,0.00,0.66,0.66,0.66,0.66,0.66,0.66,0.66",,,
br,poncho toalha com bolso,,,,,,,,,,,,,,,,
br,poncho toalha esportivo,,,,,,,,,,,,,,,,
br,poncho toalha infantil,,,,,,590,9,0.12,1.00,184,Commercial,"Site Links, Video, Image, Popular Products, Related Searches, Image Pack","0.16,0.16,0.20,0.25,0.25,0.31,0.31,0.84,0.52,0.31,0.31,0.31",20,,
br,poncho toalha praia,,,,,,,,,,,,,,,,
br,poncho toalha secagem rápida,,,,,,,,,,,,,,,,
br,poncho toalha surf,,,,,,50,0,0.12,1.00,,,,"0.50,0.50,0.50,0.50,0.35,0.50,0.50,0.50,0.50,0.21,0.14,0.14",,,
br,protetor solar para surf,,,,,,70,0,0.21,1.00,,,,"0.00,0.09,0.09,0.14,0.19,0.14,1.00,0.52,0.33,0.80,0.19,0.19",,,
br,proteção uv da roupa dura quanto tempo,,,,,,,,,,,,,,,,
br,proteção uv roupa surf,,,,,,,,,,,,,,,,
br,qual a diferença entre maio de surf e maio comum,,,,,,,,,,,,,,,,
br,qual a melhor marca de biquini,,,,,,30,0,0.16,1.00,,,,"0.18,0.18,0.18,0.18,0.18,0.18,0.18,0.18,0.81,0.18,0.18,0.18",,,
br,qual biquini não sai surfando,,,,,,,,,,,,,,,,
br,qual espessura de neoprene usar,,,,,,,,,,,,,,,,
br,qual o tamanho do poncho de surf,,,,,,,,,,,,,,,,
br,qual protetor solar para surf,,,,,,,,,,,,,,,,
br,qual sabão lavar roupa de lycra surf,,,,,,0,0,0.00,0.00,,,,"0.00,0.00,0.00,0.00,0.00,0.00,0.00,0.00,0.00,0.00,0.00,0.00",,,
br,quando usar neoprene no surf,,,,,,,,,,,,,,,,
br,quanto custa uma roupa de surf,,,,,,0,0,0.00,0.00,,,,"0.00,0.00,0.00,0.00,0.00,0.00,0.00,0.00,0.00,0.00,0.00,0.00",,,
br,quanto tempo dura uma lycra de surf,,,,,,,,,,,,,,,,
br,rash guard,,,,,,18100,10,0.10,1.00,197,"Informational, Commercial","Popular Products, Related Searches, AI Overview, Site Links, Reviews, Video, People Also Ask","0.44,0.66,0.54,0.81,1.00,1.00,1.00,0.81,1.00,0.66,0.66,0.54",20,,
br,rash guard feminino,,,,,,140,6,0.09,1.00,171,Commercial,"Image Pack, Site Links, Video, Image, People Also Ask, Popular Products, Related Searches","0.10,0.10,0.10,0.10,0.13,0.13,0.13,0.08,0.13,0.10,0.13,0.16",20,,
br,rash guard infantil,,,,,,480,5,0.05,1.00,158,"Informational, Commercial","Related Searches, Image Pack, Site Links, Image, Popular Products","0.81,0.66,0.81,1.00,1.00,1.00,0.81,0.81,0.81,0.81,0.81,1.00",20,,
br,rash guard masculino,,,,,,70,0,0.08,1.00,,,,"0.14,0.14,0.14,0.14,0.14,0.64,0.14,1.00,0.78,0.78,0.50,0.50",,,
br,rash guard para que serve,,,,,,70,0,0.07,0.93,,,,"0.05,0.05,0.05,0.28,0.17,0.35,0.23,0.12,0.12,0.17,0.17,0.23",,,
br,robe de praia,,,,,,20,0,0.00,0.77,,,,"0.11,0.11,0.11,0.11,0.11,0.11,0.11,0.11,0.11,0.11,0.11,0.11",,,
br,roupa anti uv praia,,,,,,,,,,,,,,,,
br,roupa com fps 50 funciona,,,,,,,,,,,,,,,,
br,roupa com proteção solar,,,,,,210,13,0.13,1.00,191,Informational,"Video, People Also Ask, Related Searches, Short Videos, Site Links","0.23,0.15,0.23,0.29,0.44,0.36,0.44,0.66,0.54,0.23,0.19,0.15",20,,
br,roupa com proteção uv,,,,,,170,15,0.11,1.00,196,Informational,"Site Links, Video, People Also Ask, Popular Products, Related Searches, AI Overview","0.11,0.14,0.14,0.11,0.14,0.21,0.26,0.32,0.26,0.21,0.17,0.26",20,,
br,roupa de borracha surf,,,,,,480,10,0.10,1.00,191,Commercial,"Related Searches, Image Pack, Site Links, Video, Image, People Also Ask, Popular Products","0.67,0.81,1.00,0.67,0.44,0.44,0.54,0.44,0.67,0.29,0.44,0.67",20,,
br,roupa de neoprene,,,,,,880,13,0.09,1.00,194,"Informational, Commercial","Video Carousel, Related Searches, Image Pack, Site Links, Video, People Also Ask, Popular Products, Short Videos, Image","0.30,0.41,0.41,0.36,0.41,0.36,0.36,0.30,0.30,0.30,0.36,0.36",20,,
br,roupa de neoprene 3mm,,,,,,20,0,0.11,1.00,,,,"0.22,0.22,0.22,0.22,0.22,0.22,0.22,0.22,0.22,0.22,0.22,0.22",,,
br,roupa de neoprene brasileira,,,,,,,,,,,,,,,,
br,roupa de neoprene feminina,,,,,,70,0,0.13,1.00,,,,"0.82,0.41,0.41,0.11,0.41,0.41,0.41,0.41,0.41,0.29,0.29,0.41",,,
br,roupa de neoprene infantil,,,,,,50,0,0.10,0.97,,,,"0.64,0.52,0.52,0.41,0.29,0.29,0.23,0.52,0.23,0.29,0.11,0.11",,,
br,roupa de neoprene masculina,,,,,,50,0,0.09,0.97,,,,"0.63,0.63,1.00,1.00,0.18,0.18,0.18,0.18,0.18,0.18,0.36,0.45",,,
br,roupa de neoprene natação,,,,,,260,8,0.10,1.00,185,Informational,"Image Pack, People Also Ask, Related Searches, Site Links, Video, Image, Video Carousel, Popular Products, Short Videos","0.44,0.54,0.28,0.44,0.35,0.54,0.44,0.23,0.44,0.28,0.44,0.54",20,,
br,roupa de neoprene para mergulho,,,,,,70,0,0.09,0.99,,,,"0.21,0.28,0.28,0.21,0.21,0.28,0.21,0.28,0.28,0.21,0.28,0.28",,,
br,roupa de neoprene para água fria,,,,,,,,,,,,,,,,
br,roupa de neoprene preço,,,,,,20,0,0.00,1.00,,,,"0.66,0.66,0.66,0.66,0.66,0.66,0.66,0.66,0.66,0.66,0.66,0.66",,,
br,roupa de neoprene surf,,,,,,70,0,0.10,1.00,,,,"0.43,0.35,0.35,0.23,0.17,0.17,0.12,0.05,0.05,0.07,0.10,0.28",,,
br,roupa de praia feminina,,,,,,2900,36,0.13,1.00,30500000,Commercial,"People Also Ask, Related Searches, AI Overview, Image Pack, Site Links, Video, Image","0.35,0.29,0.35,0.44,0.53,0.66,0.66,0.81,0.81,0.44,0.53,0.44",20,,
br,roupa de praia masculina,,,,,,2400,21,0.16,1.00,10600000,Commercial,"Image Pack, Site Links, Video, Image, People Also Ask, Popular Products, Related Searches","0.36,0.22,0.43,0.43,0.65,0.54,0.54,0.81,1.00,0.43,0.43,0.43",20,,
br,roupa de praia que não desbota,,,,,,,,,,,,,,,,
br,roupa de praia que não marca,,,,,,,,,,,,,,,,
br,roupa de praia sustentável,,,,,,,,,,,,,,,,
br,roupa de surf,,,,,,1600,21,0.12,1.00,195,Commercial,"Image Pack, Site Links, Video, Image, People Also Ask, Related Searches","0.52,0.44,0.36,0.36,0.44,0.52,0.52,0.44,0.52,0.20,0.24,0.52",20,,
br,roupa de surf feminina maio,,,,,,,,,,,,,,,,
br,roupa de surf masculina,,,,,,590,11,0.11,1.00,196,Commercial,"Site Links, Video, Image, People Also Ask, Popular Products, Related Searches, Image Pack","0.59,0.59,0.48,0.39,0.48,0.39,0.59,0.88,0.88,0.48,0.39,0.48",20,,
br,roupa para praia,,,,,,590,22,0.13,1.00,169,Informational,"Image Pack, Site Links, Video, Video Carousel, People Also Ask, Popular Products, Short Videos, Image, Related Searches","0.07,0.07,0.13,0.10,0.16,0.16,0.20,0.20,0.20,0.10,0.52,0.08",20,,
br,roupa para surfar,,,,,,110,11,0.10,1.00,194,Commercial,"Video Carousel, People Also Ask, Popular Products, Related Searches, AI Overview, Image Pack, Site Links, Video","0.15,0.15,0.15,0.09,0.15,0.15,0.23,0.19,0.19,0.19,0.09,0.15",20,,
br,roupa para surfar iniciante,,,,,,,,,,,,,,,,
br,roupa térmica surf,,,,,,,,,,,,,,,,
br,roupa uv50,,,,,,,,,,,,,,,,
br,roupao de surf,,,,,,90,8,0.11,1.00,191,Commercial,"Related Searches, Image Pack, Site Links, Video, Image, People Also Ask","0.81,0.18,1.00,0.81,0.63,1.00,0.63,0.81,0.63,0.27,0.45,0.27",20,,
br,roupas de surf feminina,,,,,,110,8,0.11,1.00,166,Commercial,"Image Pack, Site Links, Video, Popular Products","0.09,0.21,0.07,0.09,0.14,0.14,0.09,0.14,0.05,0.03,0.17,0.26",20,,
br,roupas de surf masculina,,,,,,320,17,0.13,1.00,179,Commercial,"Site Links, Video, Image, Popular Products, Related Searches, Local Pack","0.66,0.44,0.28,0.44,0.54,0.35,0.66,1.00,1.00,0.54,0.44,0.54",20,,
br,roupão com capuz praia,,,,,,,,,,,,,,,,
br,roupão de praia,,,,,,110,19,0.10,1.00,209,"Informational, Commercial","Video, Image, People Also Ask, Popular Products, Related Searches, Image Pack, Site Links","0.34,0.19,0.34,0.34,0.34,0.42,0.80,0.80,0.42,0.34,0.26,0.19",20,,
br,roupão de praia infantil,,,,,,140,12,0.10,1.00,227,Commercial,"Image Pack, Site Links, Video, Video Carousel, People Also Ask, Popular Products, Related Searches","0.15,0.15,0.21,0.34,0.53,0.65,0.81,1.00,0.65,0.28,0.21,0.15",20,,
br,roupão de surf,,,,,,90,10,0.11,1.00,182,"Informational, Commercial","Image Pack, Site Links, Video, Image, People Also Ask, Popular Products, Related Searches","0.63,0.18,1.00,0.81,0.63,1.00,0.63,0.81,0.63,0.27,0.45,0.27",20,,
br,roupão toalha praia,,,,,,,,,,,,,,,,
br,roupão toalha surf,,,,,,0,0,0.00,0.00,,,,"0.00,0.00,0.00,0.00,0.00,0.00,0.00,0.00,0.00,0.00,0.00,0.00",,,
br,saia de praia,,,,,,2900,19,0.12,1.00,218,Informational,"People Also Ask, Popular Products, Related Searches, Short Videos, Image Pack, Site Links, Video, Image","0.16,0.16,0.24,0.24,0.36,0.36,0.44,0.54,0.54,0.24,0.24,0.24",20,,
br,saia de praia curta,,,,,,390,20,0.15,1.00,11700000,"Informational, Commercial","Popular Products, Image Pack, Site Links, Video, Image, Video Carousel, People Also Ask","0.08,0.07,0.13,0.10,0.20,0.16,0.20,0.24,0.24,0.10,0.07,0.04",20,,
br,saia de praia longa,,,,,,1900,14,0.11,1.00,236,Informational,"Video, Image, Video Carousel, People Also Ask, Popular Products, Related Searches, Image Pack, Site Links","0.44,0.29,0.16,0.44,0.53,0.53,0.24,0.35,0.53,0.18,0.44,0.44",20,,
br,saia drapeada praia,,,,,,20,0,0.18,1.00,,,,"0.18,0.18,0.18,0.18,0.18,0.18,0.18,0.18,0.18,0.18,0.18,0.18",,,
br,saia transparente tule,,,,,,110,13,0.13,1.00,221,"Informational, Commercial","Related Searches, Image Pack, Site Links, Video, Image, Popular Products","0.28,0.23,0.17,0.17,0.23,0.43,0.35,0.53,0.35,0.23,0.17,0.35",20,,
br,saida de praia,,,,,,60500,26,0.12,1.00,196,"Informational, Commercial","Popular Products, Related Searches, Image Pack, Site Links, Video, People Also Ask","0.16,0.16,0.30,0.20,0.30,0.36,0.81,0.66,0.54,0.30,0.20,0.30",20,,
br,saida de praia bege,,,,,,170,12,0.21,1.00,224,"Informational, Commercial","Popular Products, Related Searches, Image Pack, Site Links, Video, Image, People Also Ask","0.22,0.22,0.29,0.35,0.35,0.35,0.54,0.54,0.54,0.29,0.29,0.29",20,,
br,saida de praia transparente,,,,,,390,24,0.14,1.00,240,"Informational, Commercial","Site Links, Video, Video Carousel, People Also Ask, Popular Products, Related Searches, Image Pack","0.10,0.10,0.16,0.10,0.16,0.24,0.16,0.24,0.41,0.16,0.13,0.16",20,,
br,sapatilha antiderrapante praia,,,,,,0,0,0.00,0.00,,,,"0.00,0.00,0.00,0.00,0.00,0.00,0.00,0.00,0.00,0.00,0.00,0.00",,,
br,sapatilha de neoprene,,,,,,590,23,0.04,1.00,527000,"Informational, Commercial","Image, People Also Ask, Popular Products, Related Searches, Short Videos, Image Pack, Site Links, Video","0.31,0.31,0.31,0.25,0.20,0.20,0.31,0.25,0.31,0.25,0.16,0.25",20,,
br,sapatilha esportiva neoprene,,,,,,,,,,,,,,,,
br,sapatilha neoprene surf,,,,,,0,0,0.00,0.00,,,,"0.00,0.00,0.00,0.00,0.00,0.00,0.00,0.00,0.00,0.00,0.00,0.00",,,
br,sapatilha para esportes aquáticos,,,,,,20,0,0.06,1.00,,,,"0.18,0.18,0.18,0.18,0.09,0.00,0.18,0.18,0.18,0.18,0.18,0.18",,,
br,sapatilha para pedra surf,,,,,,,,,,,,,,,,
br,sapatilha para surf,,,,,,20,0,0.07,1.00,,,,"0.07,0.07,0.07,0.07,0.07,0.07,0.07,0.07,0.07,0.07,0.07,0.07",,,
br,saída de praia,,,,,,14800,18,0.12,1.00,197,Informational,"Video Carousel, People Also Ask, Popular Products, Related Searches, Short Videos, Image Pack, Site Links, Video","0.24,0.10,0.24,0.20,0.36,0.29,0.44,0.54,0.44,0.20,0.29,0.20",20,,
br,saída de praia 2026,,,,,,260,11,0.09,1.00,159,Informational,"People Also Ask, Popular Products, AI Overview, Site Links, Video, Image, Video Carousel, Related Searches, Short Videos, Image Pack","0.00,0.00,0.01,0.05,0.11,0.11,0.48,0.48,1.00,0.39,0.03,0.21",20,,
br,saída de praia branca,,,,,,720,11,0.17,1.00,10300000,Commercial,"People Also Ask, Related Searches, Short Videos, Image Pack, Site Links, Video, Image","0.05,0.07,0.05,0.10,0.03,0.03,0.04,0.05,0.29,0.13,0.02,0.08",20,,
br,saída de praia com franja,,,,,,50,0,0.12,1.00,,,,"0.00,0.00,0.05,0.05,0.05,0.05,0.05,0.10,0.12,1.00,0.05,0.02",,,
br,saída de praia com manga,,,,,,20,0,0.11,1.00,,,,"0.28,0.00,0.00,0.00,0.14,0.28,0.42,0.71,1.00,0.71,0.14,0.00",,,
br,saída de praia com proteção uv,,,,,,20,0,0.09,1.00,,,,"0.00,0.00,0.14,0.28,0.28,0.28,0.28,0.71,1.00,0.14,0.14,0.00",,,
br,saída de praia curta,,,,,,590,13,0.15,1.00,208,Informational,"People Also Ask, Popular Products, Related Searches, Short Videos, Image Pack, Site Links, Video, Video Carousel","0.04,0.04,0.12,0.07,0.07,0.08,0.08,0.08,0.10,0.04,0.03,0.03",20,,
br,saída de praia de crochê,,,,,,6600,33,0.14,0.99,173,"Informational, Transactional","Image Pack, Reviews, Video, People Also Ask, Related Searches","0.05,0.13,0.10,0.19,0.19,0.36,0.36,0.24,0.36,0.24,0.19,0.24",90,,
br,saída de praia de linho,,,,,,30,0,0.10,1.00,,,,"0.00,0.00,0.18,0.18,0.45,0.36,0.45,0.36,0.45,1.00,0.09,0.18",,,
br,saída de praia de renda,,,,,,90,6,0.11,1.00,210,Informational,"Image Pack, Site Links, Image, People Also Ask, Popular Products, Video, Video Carousel, Related Searches, Short Videos","0.15,0.15,0.28,0.21,0.28,0.43,0.43,0.43,0.43,0.21,0.21,0.28",20,,
br,saída de praia de tule,,,,,,110,0,0.10,1.00,,,,"0.00,0.05,0.23,0.23,0.28,0.43,0.07,0.02,0.66,1.00,0.28,0.28",,,
br,saída de praia esportiva,,,,,,,,,,,,,,,,
br,saída de praia feminina,,,,,,1300,16,0.11,1.00,197,"Informational, Transactional","People Also Ask, Popular Products, Related Searches, Image Pack, Site Links, Video","0.16,0.16,0.24,0.27,0.27,0.44,0.36,0.52,0.66,0.36,0.24,0.24",20,,
br,saída de praia infantil,,,,,,480,22,0.15,1.00,182,Commercial,"Image Pack, Site Links, Video, People Also Ask, Popular Products, Related Searches, Short Videos","0.03,0.03,0.04,0.05,0.08,0.10,0.10,0.66,0.16,0.05,0.05,0.04",20,,
br,saída de praia longa,,,,,,2400,9,0.14,1.00,197,Commercial,"Related Searches, Short Videos, Image Pack, Site Links, Video, Image, People Also Ask, Popular Products","0.04,0.10,0.13,0.16,0.19,0.24,0.19,0.36,0.24,0.10,0.10,0.10",20,,
br,saída de praia para gestante,,,,,,0,0,0.12,0.97,,,,"0.00,0.00,0.00,0.00,0.00,0.00,0.00,0.00,0.00,0.00,0.00,0.00",,,
br,saída de praia para surf,,,,,,,,,,,,,,,,
br,saída de praia plus size,,,,,,1300,20,0.09,1.00,219,Informational,"Related Searches, Short Videos, Image Pack, Site Links, Video, People Also Ask, Popular Products","0.05,0.03,0.05,0.19,0.16,0.19,0.35,0.29,0.29,0.10,0.08,0.10",20,,
br,saída de praia preta,,,,,,320,12,0.18,1.00,205,Commercial,"People Also Ask, Popular Products, Related Searches, Short Videos, Image Pack, Site Links, Video, Image","0.03,0.03,0.05,0.05,0.07,0.08,0.08,0.10,0.13,0.05,0.04,0.07",20,,
br,saída de praia preço,,,,,,20,0,0.02,1.00,,,,"0.00,0.00,0.00,0.00,0.27,0.63,0.36,0.45,0.45,0.18,0.09,0.00",,,
br,sessão de surf de manhã,,,,,,,,,,,,,,,,
br,short de banho masculino,,,,,,1600,16,0.21,1.00,6000000,"Informational, Commercial","Image Pack, Site Links, Video, Image, People Also Ask, Popular Products, Related Searches","0.24,0.30,0.34,0.34,0.34,0.65,0.65,1.00,0.65,0.34,0.34,0.34",20,,
br,short de neoprene,,,,,,20,0,0.09,1.00,,,,"0.18,0.18,0.18,0.27,0.18,0.18,0.18,0.18,0.18,0.18,0.18,0.18",,,
br,short de praia,,,,,,2900,18,0.14,1.00,196,Commercial,"Related Searches, Image Pack, Site Links, Video, People Also Ask, Popular Products","0.10,0.10,0.16,0.12,0.19,0.12,0.29,0.36,0.29,0.19,0.16,0.16",20,,
br,short de praia feminino,,,,,,2900,9,0.12,1.00,11300000,"Informational, Commercial","Image, People Also Ask, Popular Products, Related Searches, Short Videos, Image Pack, Site Links, Video","0.10,0.05,0.16,0.16,0.24,0.29,0.24,0.54,0.66,0.24,0.24,0.24",20,,
br,short de praia infantil,,,,,,110,7,0.13,1.00,190,"Informational, Commercial","Video Carousel, Related Searches, Site Links, Reviews, Image, People Also Ask, Popular Products, Image Pack, Video","0.19,0.19,0.15,0.34,0.34,0.53,0.53,0.80,0.53,0.42,0.26,0.34",20,,
br,short de praia masculino,,,,,,2400,16,0.15,1.00,203,Commercial,"Related Searches, Short Videos, Image Pack, Site Links, Image, Video Carousel, People Also Ask, Video, Popular Products","0.08,0.16,0.16,0.16,0.29,0.24,0.36,0.36,0.36,0.16,0.19,0.19",20,,
br,short de surf,,,,,,210,9,0.18,1.00,190,Commercial,"Popular Products, Related Searches, Short Videos, Image Pack, Site Links, Video","0.05,0.35,0.23,0.05,0.35,0.03,0.54,0.81,0.54,0.35,0.35,0.44",20,,
br,short saia praia,,,,,,390,10,0.11,1.00,209,"Informational, Commercial","Related Searches, Image Pack, Site Links, Video, Popular Products","0.10,0.10,0.13,0.16,0.24,0.24,0.24,0.55,0.36,0.24,0.20,0.16",20,,
br,short surf masculino,,,,,,320,12,0.18,1.00,178,Commercial,"Image Pack, Site Links, Video, People Also Ask, Popular Products, Related Searches","0.13,0.13,0.13,0.16,0.20,0.16,0.24,0.36,0.36,0.16,0.16,0.20",20,,
br,subikini,,,,,,210,7,0.29,0.90,396000,Commercial,"Site Links, Reviews, Video, People Also Ask, Adwords Middle","0.00,0.00,0.00,0.00,0.00,0.00,0.00,0.00,1.00,0.00,0.00,0.00",20,,
br,sunga,,,,,,18100,27,0.25,1.00,199,Informational,"Local Pack, Image Pack, Site Links, Video, Video Carousel, Popular Products, AI Overview, People Also Ask, Related Searches","0.24,0.24,0.24,0.29,0.29,0.29,0.54,0.66,0.54,0.29,0.29,0.29",20,,
br,sunga boxer,,,,,,2900,14,0.11,1.00,204,Commercial,"Image Pack, Site Links, Video, Image, Popular Products, Related Searches","0.16,0.16,0.19,0.24,0.24,0.29,0.36,0.44,0.54,0.29,0.19,0.19",20,,
br,sunga de praia,,,,,,2400,18,0.11,1.00,145,Commercial,"Video, Image, People Also Ask, Popular Products, Related Searches, Image Pack, Site Links","0.16,0.10,0.16,0.23,0.23,0.29,0.35,0.44,0.44,0.23,0.16,0.16",20,,
br,sunga estampada,,,,,,170,13,0.13,1.00,198,"Informational, Commercial","Image Pack, Site Links, Video, Image, Popular Products, Related Searches","0.17,0.09,0.14,0.14,0.21,0.26,0.26,0.32,0.26,0.11,0.11,0.11",20,,
br,sunga infantil,,,,,,4400,16,0.12,1.00,171,Commercial,"Popular Products, Related Searches, Image Pack, Site Links, Video","0.16,0.16,0.19,0.36,0.44,0.36,0.44,0.54,0.44,0.16,0.19,0.19",20,,
br,sunga masculina,,,,,,22200,22,0.14,1.00,195,Commercial,"Short Videos, Site Links, Video, People Also Ask, Popular Products, Related Searches","0.24,0.20,0.29,0.36,0.44,0.54,0.66,0.81,0.66,0.36,0.36,0.36",20,,
br,sunga preta,,,,,,1000,14,0.15,1.00,926000,"Informational, Commercial","Related Searches, Image Pack, Site Links, Video, Image, People Also Ask, Popular Products","0.24,0.24,0.30,0.30,0.36,0.36,0.54,0.79,0.66,0.36,0.30,0.30",20,,
br,sunga slip,,,,,,1000,14,0.21,1.00,190,Commercial,"Video, People Also Ask, Popular Products, Related Searches, Image Pack, Site Links","0.20,0.13,0.20,0.20,0.24,0.27,0.36,0.44,0.44,0.24,0.20,0.20",20,,
br,sunkini,,,,,,1600,13,0.11,1.00,53300,"Informational, Commercial","Image Pack, Site Links, Video, Popular Products, Related Searches","0.10,0.10,0.13,0.19,0.24,0.24,0.36,0.54,0.43,0.24,0.15,0.15",20,,
br,sunkini biquini,,,,,,20,0,0.10,1.00,,,,"0.14,0.14,0.14,0.14,0.14,0.14,0.14,0.14,0.14,0.14,0.00,0.00",,,
br,sunkini feminino,,,,,,720,21,0.12,1.00,17200,Commercial,"People Also Ask, Popular Products, Related Searches, Image Pack, Video, Image","0.20,0.20,0.13,0.20,0.24,0.36,0.20,0.30,0.41,0.20,0.24,0.20",75,,
br,surf ao amanhecer,,,,,,0,0,0.00,0.00,,,,"0.00,0.00,0.00,0.00,0.00,0.00,0.00,0.00,0.00,0.00,0.00,0.00",,,
br,surf de madrugada,,,,,,,,,,,,,,,,
br,surf feminino,,,,,,260,19,0.21,0.39,181,Commercial,"Reviews, Video, Image, Video Carousel, People Also Ask, AI Overview, Knowledge Panel, Site Links","0.00,0.00,0.00,0.00,0.00,0.00,0.00,0.00,0.00,0.00,0.00,0.00",20,,
br,surf feminino iniciante,,,,,,0,0,0.00,0.00,,,,"0.00,0.00,0.00,0.00,0.00,0.00,1.00,0.00,0.00,0.00,0.00,0.00",,,
br,surf lycra,,,,,,880,8,0.10,1.00,166,"Informational, Commercial","Related Searches, AI Overview, Site Links, Video, Popular Products","0.62,0.36,0.24,0.36,0.30,0.55,0.62,0.81,0.62,0.36,0.45,0.45",20,,
br,surf lycras,,,,,,590,10,0.10,1.00,187,"Informational, Commercial","AI Overview, Site Links, Video, People Also Ask, Popular Products, Related Searches","0.00,0.00,0.24,0.00,0.45,0.62,1.00,0.00,1.00,0.00,0.00,0.00",20,,
br,surf para iniciantes praia,,,,,,0,0,0.00,0.00,,,,"0.00,0.00,0.00,0.00,0.00,0.00,0.00,0.00,0.00,0.00,0.00,0.00",,,
br,surf shop,,,,,,880,33,0.19,0.57,136000000,Commercial,"Local Pack, Site Links, Video, Image, Related Searches","0.13,0.13,0.16,0.08,0.08,0.08,0.08,0.16,0.16,0.08,0.29,0.10",20,,
br,surf zero hora,,,,,,0,0,0.00,0.00,,,,"0.00,0.00,0.00,0.00,0.00,0.00,0.00,0.00,0.00,0.00,0.00,0.00",,,
br,surfwear,,,,,,590,26,0.18,1.00,169,Informational,"People Also Ask, Related Searches, AI Overview, Knowledge Panel, Local Pack, Site Links, Video","0.36,0.45,0.30,0.16,0.45,0.30,0.45,0.62,0.36,0.36,0.24,0.24",20,,
br,surfwear masculino,,,,,,70,0,0.20,0.95,,,,"0.33,0.42,0.52,0.33,0.09,0.09,0.09,0.66,0.33,0.33,0.23,0.33",,,
br,sutiã de surf,,,,,,,,,,,,,,,,
br,tabela de medidas roupa de surf,,,,,,,,,,,,,,,,
br,tamanho de roupa de neoprene,,,,,,0,0,0.00,0.00,,,,"0.00,0.00,0.00,0.00,0.00,0.00,0.00,0.00,0.00,0.00,0.00,0.00",,,
br,temperatura da água para usar neoprene,,,,,,,,,,,,,,,,
br,toalha com capuz adulto,,,,,,30,0,0.07,1.00,,,,"0.18,0.18,0.18,0.18,0.18,0.27,0.27,0.27,0.36,0.27,0.18,0.36",,,
br,toalha com capuz infantil,,,,,,1000,10,0.12,1.00,628000,Informational,"Image Pack, Site Links, Video, Image, Video Carousel, Related Searches","0.34,0.44,0.44,0.34,0.44,0.20,0.24,0.30,0.65,0.34,0.34,0.34",20,,
br,toalha de praia com capuz,,,,,,20,0,0.00,0.80,,,,"0.18,0.18,0.18,0.18,0.18,0.18,0.18,0.27,0.18,0.18,0.18,0.18",,,
br,toalha de surf,,,,,,40,0,0.07,1.00,,,,"0.09,0.09,0.09,0.09,0.09,0.09,0.09,0.66,0.52,0.09,0.09,0.09",,,
br,toalha para surf,,,,,,,,,,,,,,,,
br,toalha poncho,,,,,,390,11,0.11,1.00,335000,Commercial,"People Also Ask, Popular Products, Related Searches, Image Pack, Site Links, Video, Image","0.29,0.36,0.29,0.44,0.44,0.67,0.54,0.54,0.67,0.23,0.36,0.29",20,,
br,toalha poncho academia,,,,,,,,,,,,,,,,
br,toalha poncho para bebê,,,,,,,,,,,,,,,,
br,toalha poncho piscina,,,,,,,,,,,,,,,,
br,toalha poncho surf,,,,,,50,0,0.12,1.00,,,,"0.28,0.50,0.50,0.50,0.35,0.50,0.50,0.50,0.50,0.21,0.14,0.14",,,
br,top com manga longa surf,,,,,,,,,,,,,,,,
br,top cropped praia,,,,,,30,0,0.25,1.00,,,,"0.14,0.14,0.14,0.21,0.14,0.21,0.28,0.35,0.35,0.14,0.21,0.14",,,
br,top de biquini esportivo,,,,,,,,,,,,,,,,
br,top de lycra feminino,,,,,,0,0,0.00,0.00,,,,"0.00,0.00,0.00,0.00,0.00,0.00,0.00,0.00,0.00,0.00,0.00,0.00",,,
br,top de neoprene feminino,,,,,,,,,,,,,,,,
br,top de surf,,,,,,20,0,0.00,0.84,,,,"0.14,0.14,0.14,0.14,0.14,0.14,0.14,0.14,0.14,0.14,0.14,0.14",,,
br,top de surf feminino,,,,,,,,,,,,,,,,
br,top esportivo para surf,,,,,,,,,,,,,,,,
br,top esportivo praia,,,,,,,,,,,,,,,,
br,top para surfar,,,,,,,,,,,,,,,,
br,túnica de praia,,,,,,0,0,0.00,0.92,,,,"0.00,0.00,0.00,0.00,0.00,0.00,0.00,0.00,0.33,0.00,0.00,0.66",,,
br,use zero hora,,,,,,50,0,0.00,0.01,,,,"0.00,0.00,0.18,0.18,0.63,0.36,0.18,0.18,1.00,1.00,1.00,1.00",,,
br,use zero hora avaliações,,,,,,,,,,,,,,,,
br,use zero hora biquini,,,,,,,,,,,,,,,,
br,use zero hora cupom,,,,,,,,,,,,,,,,
br,use zero hora frete,,,,,,,,,,,,,,,,
br,use zero hora instagram,,,,,,,,,,,,,,,,
br,use zero hora loja,,,,,,,,,,,,,,,,
br,use zero hora lycra,,,,,,,,,,,,,,,,
br,use zero hora maio,,,,,,,,,,,,,,,,
br,use zero hora poncho,,,,,,,,,,,,,,,,
br,use zero hora surf,,,,,,,,,,,,,,,,
br,use zero hora tamanhos,,,,,,,,,,,,,,,,
br,use zero hora troca,,,,,,,,,,,,,,,,
br,use zero hora é confiável,,,,,,,,,,,,,,,,
br,usezerohora,,,,,,0,0,0.00,0.00,,,,"0.00,0.00,0.00",,,
br,usezerohora.com.br,,,,,,,,,,,,,,,,
br,vestido de praia,,,,,,2900,14,0.11,1.00,210,"Informational, Commercial","Site Links, Video, Video Carousel, People Also Ask, Popular Products, Related Searches, Image Pack","0.24,0.19,0.29,0.24,0.36,0.36,0.44,0.54,0.54,0.19,0.24,0.29",20,,
br,vestido de praia curto,,,,,,320,12,0.09,0.99,232,"Informational, Commercial","Video, Image, Video Carousel, People Also Ask, Popular Products, Related Searches, Image Pack, Site Links","0.08,0.08,0.13,0.16,0.20,0.24,0.24,0.30,0.36,0.16,0.13,0.10",20,,
br,vestido longo saída de praia,,,,,,70,0,0.15,1.00,,,,"0.09,0.33,0.23,0.19,0.23,0.33,0.52,0.52,0.42,0.33,0.19,0.23",,,
br,vestido praia longo,,,,,,260,19,0.12,1.00,215,"Informational, Commercial","Video, Image, People Also Ask, Popular Products, Related Searches, Image Pack, Site Links","0.23,0.18,0.35,0.35,0.44,0.54,0.66,0.81,0.44,0.23,0.23,0.18",20,,
br,vestido resort,,,,,,140,10,0.24,0.99,11500000,"Informational, Commercial","People Also Ask, Popular Products, Related Searches, Short Videos, Image Pack, Video, Image","0.33,0.33,0.66,0.66,0.52,0.66,0.66,0.80,0.52,0.33,0.33,0.42",75,,
br,wetsuit,,,,,,1600,15,0.27,1.00,185,Commercial,"AI Overview, Site Links, Video, Image, Video Carousel, People Also Ask, Related Searches","0.44,0.44,0.44,0.36,0.36,0.44,0.44,0.52,0.66,0.36,0.36,0.52",20,,
br,wetsuit feminino,,,,,,390,12,0.18,1.00,179,Commercial,"Video, People Also Ask, Popular Products, Related Searches, Image Pack, Site Links","0.54,0.44,0.44,0.44,0.54,0.54,0.54,0.66,0.54,0.36,0.54,0.54",20,,
br,wetsuit infantil,,,,,,20,0,0.17,1.00,,,,"0.66,0.66,0.66,0.66,0.66,0.66,0.66,0.66,0.66,0.66,0.66,0.66",,,
br,wetsuit masculino,,,,,,170,8,0.18,1.00,543000,Commercial,"Image, Popular Products, Related Searches, Site Links, Video","0.53,0.81,0.65,0.65,0.43,0.53,0.53,0.53,0.53,0.43,0.65,0.65",20,,
br,zero hora beachwear,,,,,,,,,,,,,,,,
br,zero hora lycra surf,,,,,,,,,,,,,,,,
br,zero hora maio de surf,,,,,,,,,,,,,,,,
br,zero hora moda praia,,,,,,,,,,,,,,,,
br,zero hora neoprene,,,,,,,,,,,,,,,,
br,zero hora poncho surf,,,,,,,,,,,,,,,,
br,zero hora roupa de praia,,,,,,,,,,,,,,,,
br,zero hora sunkini,,,,,,,,,,,,,,,,
br,zero hora surf,,,,,,20,0,0.00,0.33,,,,"0.14,0.14,0.14,0.14,0.14,0.14,0.14,0.14,0.14,0.14,0.14,0.14",,,
br,zero hora surfwear,,,,,,,,,,,,,,,,
br,acessorios natacao,,,,,,90,20,0.06,1.00,195,Commercial,"Site Links, Video, Video Carousel, Popular Products, Related Searches, Local Pack","0.11,0.15,0.42,0.34,0.65,0.34,0.34,0.53,0.42,0.34,0.34,0.34",20,,
br,acessorios natação,,,,,,320,21,0.06,1.00,484000,Commercial,"Popular Products, Related Searches, Local Pack, Site Links, Video, Video Carousel, People Also Ask","0.36,0.29,0.36,0.36,0.36,0.36,0.29,0.44,0.66,0.44,0.44,0.36",20,,
br,acessorios para natacao,,,,,,170,10,0.06,1.00,195,Commercial,"AI Overview, Local Pack, Site Links, Video, Video Carousel, People Also Ask, Popular Products, Related Searches","0.53,0.28,0.66,0.53,0.66,0.53,0.66,0.82,1.00,0.66,0.82,0.82",20,,
br,acessorios para natação,,,,,,260,11,0.05,1.00,200,Commercial,"Local Pack, Site Links, Video, Video Carousel, People Also Ask, Popular Products, Related Searches","0.36,0.36,0.23,0.36,0.36,0.36,0.29,0.44,0.66,0.44,0.44,0.36",20,,
br,acessórios natação,,,,,,110,18,0.05,1.00,197,"Informational, Commercial","People Also Ask, Popular Products, Related Searches, AI Overview, Local Pack, Image Pack, Site Links, Video","0.18,0.18,0.10,0.14,0.43,0.14,0.10,0.14,0.43,0.66,0.14,0.22",20,,
br,acessórios para natação,,,,,,110,18,0.06,1.00,198,Informational,"Popular Products, Short Videos, Video, Video Carousel, People Also Ask, Related Searches, AI Overview, Knowledge Panel, Site Links","0.05,0.10,0.07,0.12,0.15,0.10,0.12,0.19,0.19,0.15,0.15,0.15",20,,
br,artigos de natação,,,,,,110,36,0.09,0.99,195,Commercial,"Local Pack, Site Links, Video, Popular Products, Related Searches","0.66,0.42,0.52,0.66,0.52,0.42,0.33,0.42,0.80,0.52,0.66,0.52",20,,
br,artigos para natação,,,,,,110,29,0.08,1.00,195,Commercial,"Popular Products, Related Searches, Local Pack, Site Links, Video, People Also Ask","0.42,0.34,0.34,0.42,0.42,0.42,0.42,0.42,0.42,0.53,0.53,0.42",20,,
br,bermuda de flutuação,,,,,,110,22,0.10,1.00,205,Commercial,"Video, Image, Video Carousel, Popular Products, Related Searches, Short Videos, Image Pack, Site Links, People Also Ask","0.35,0.22,0.14,0.22,0.22,0.18,0.18,0.14,0.14,0.14,0.10,0.10",20,,
br,bermuda de natacao masculina,,,,,,590,8,0.08,1.00,191,Commercial,"Image Pack, Site Links, Video, Popular Products, Related Searches","0.39,0.26,0.39,0.72,0.88,0.72,0.88,0.88,1.00,0.48,0.72,0.72",20,,
br,bermuda de neoprene masculina,,,,,,20,0,0.08,1.00,,,,"1.00,1.00,1.00,1.00,1.00,1.00,1.00,1.00,0.00,1.00,1.00,1.00",,,
br,bermuda de neoprene para surf,,,,,,20,0,0.09,1.00,,,,"0.50,0.50,0.50,0.50,0.50,0.50,0.50,0.50,0.50,0.50,0.50,0.50",,,
br,bermuda masculina surf,,,,,,260,9,0.11,1.00,180,Commercial,"Image Pack, Site Links, Video, Popular Products","0.07,0.05,0.07,0.07,0.07,0.08,0.16,0.24,0.11,0.08,0.05,0.07",20,,
br,bermuda natacao,,,,,,480,9,0.09,1.00,191,Commercial,"Video Carousel, People Also Ask, Popular Products, Related Searches, Image Pack, Site Links, Video, Image","0.36,0.30,0.36,0.36,0.45,0.45,0.45,0.45,0.67,0.36,0.55,0.45",20,,
br,bermuda natação,,,,,,1000,9,0.09,1.00,212,Commercial,"Video, Image, People Also Ask, Popular Products, Related Searches, Image Pack, Site Links","0.37,0.37,0.37,0.52,0.68,0.68,0.46,0.37,0.84,0.68,0.52,0.52",20,,
br,bermuda natação masculina,,,,,,1000,9,0.08,1.00,844000,Commercial,"Image Pack, Site Links, Video, Image, Popular Products, Related Searches","0.46,0.31,0.31,0.52,0.46,0.46,0.46,0.46,0.84,0.52,0.68,0.68",20,,
br,bermuda neoprene,,,,,,210,7,0.11,1.00,211,Informational,"People Also Ask, Popular Products, Related Searches, Image Pack, Site Links, Video, Image, Video Carousel","0.35,0.23,0.23,0.35,0.28,0.23,0.35,0.28,0.44,0.44,0.28,0.35",20,,
br,bermuda neoprene masculino,,,,,,0,0,0.00,0.00,,,,"0.00,0.00,0.00,0.00,0.00,0.00,0.00,0.00,0.00,0.00,0.00,0.00",,,
br,bermuda neoprene natação,,,,,,210,8,0.17,1.00,195,"Informational, Commercial","Related Searches, Image Pack, Site Links, Video, Video Carousel, People Also Ask, Popular Products","0.29,0.22,0.10,0.18,0.29,0.35,0.35,0.29,0.35,0.35,0.29,0.29",20,,
br,bermuda para aguas abertas,,,,,,,,,,,,,,,,
br,bermuda para natacao,,,,,,210,7,0.08,1.00,187,Commercial,"Reviews, Video, Image, Popular Products, Related Searches, AI Overview, Site Links","0.08,0.04,0.13,0.10,0.06,0.06,0.10,0.08,0.20,0.62,0.10,0.10",20,,
br,bermuda para natação masculina,,,,,,720,11,0.08,1.00,858000,Commercial,"Image, People Also Ask, Related Searches, Image Pack, Site Links, Video","0.24,0.16,0.20,0.30,0.30,0.41,0.24,0.36,0.54,0.41,0.54,0.41",20,,
br,bermuda para remada,,,,,,,,,,,,,,,,
br,bermuda para surfista,,,,,,170,8,0.12,1.00,183,Commercial,"Site Links, Video, Image, Popular Products, Related Searches","0.36,0.29,0.00,0.29,0.00,0.00,0.66,1.00,0.66,0.00,0.44,0.44",20,,
br,bermuda surf,,,,,,2400,12,0.18,1.00,18300000,Commercial,"Image, Popular Products, Related Searches, Image Pack, Site Links, Video","0.19,0.15,0.19,0.28,0.28,0.28,0.36,0.66,0.43,0.24,0.24,0.24",20,,
br,bermuda surf neoprene,,,,,,20,0,0.08,1.00,,,,"0.50,0.50,0.50,0.50,0.50,0.50,0.50,0.50,0.50,0.50,0.50,0.50",,,
br,bermuda surfista,,,,,,320,10,0.11,1.00,185,"Informational, Commercial","Video, Image, Popular Products, Related Searches, Image Pack, Site Links","0.02,0.03,0.05,0.04,0.04,0.04,0.08,0.07,0.07,0.03,0.04,0.03",20,,
br,bermuda termica para agua,,,,,,,,,,,,,,,,
br,bermuda termica surf,,,,,,,,,,,,,,,,
br,bermuda use zero hora,,,,,,,,,,,,,,,,
br,bermudas masculinas surfista,,,,,,720,10,0.16,1.00,1580000,Commercial,"Site Links, Video, Image, Popular Products, Related Searches, Image Pack","0.00,0.00,0.08,0.05,0.00,0.00,0.00,0.00,0.13,0.00,0.00,0.00",20,,
br,blusa de neoprene,,,,,,90,19,0.09,1.00,239,Commercial,"Video, Image, People Also Ask, Popular Products, Related Searches, Image Pack, Site Links","0.53,0.43,0.34,0.28,0.15,0.28,0.21,0.21,0.21,0.15,0.15,0.21",20,,
br,blusa de neoprene feminina,,,,,,40,0,0.08,1.00,,,,"0.29,0.29,0.41,0.29,0.17,0.17,0.23,0.17,0.17,0.17,0.17,0.11",,,
br,blusa de neoprene masculina,,,,,,20,0,0.05,1.00,,,,"1.00,1.00,1.00,1.00,1.00,1.00,1.00,1.00,1.00,1.00,1.00,1.00",,,
br,blusa neoprene,,,,,,170,12,0.07,1.00,212,"Informational, Commercial","Video, Image, People Also Ask, Popular Products, Related Searches, Image Pack, Site Links","0.66,0.66,0.82,0.43,0.28,0.28,0.28,0.28,0.28,0.23,0.28,0.23",20,,
br,blusa neoprene feminina,,,,,,140,14,0.08,1.00,204,"Informational, Commercial","Video, Image, People Also Ask, Popular Products, Related Searches, Image Pack, Site Links","0.43,0.54,0.29,0.29,0.14,0.22,0.22,0.22,0.22,0.14,0.18,0.22",20,,
br,blusa neoprene masculina,,,,,,30,0,0.08,1.00,,,,"0.42,0.33,0.09,0.09,0.09,0.09,0.09,0.09,0.09,0.09,0.09,0.09",,,
br,blusa neoprene surf,,,,,,20,0,0.07,1.00,,,,"0.66,0.66,0.66,0.66,0.66,0.66,0.66,0.66,0.66,0.66,0.66,0.66",,,
br,blusa para agua fria,,,,,,,,,,,,,,,,
br,blusa para natação,,,,,,110,21,0.06,1.00,195,"Informational, Commercial","Short Videos, AI Overview, Image Pack, Site Links, Video, People Also Ask, Popular Products, Related Searches","0.80,0.66,0.52,0.52,0.52,0.52,0.66,0.42,0.66,0.42,0.52,0.52",20,,
br,bota aquatica,,,,,,140,23,0.04,1.00,235,"Informational, Commercial","Video, Image, Video Carousel, People Also Ask, Popular Products, Related Searches, Image Pack, Site Links","0.53,0.53,0.42,0.53,0.42,0.42,0.34,0.53,0.65,0.53,0.53,0.65",20,,
br,bota de surf,,,,,,30,0,0.08,1.00,,,,"0.57,0.71,0.71,0.42,0.28,0.14,0.14,0.42,0.57,0.14,0.28,0.28",,,
br,bota para surf,,,,,,20,0,0.03,1.00,,,,"0.14,0.14,0.14,0.14,0.14,0.14,0.14,0.14,0.14,0.14,0.14,0.14",,,
br,botinha aquatica,,,,,,,,,,,,,,,,
br,botinha de neoprene,,,,,,210,7,0.05,1.00,194,"Informational, Commercial","Image Pack, Site Links, Video, People Also Ask, Popular Products, Related Searches","0.54,1.00,0.54,0.43,0.29,0.29,0.29,0.22,0.29,0.29,0.29,0.43",20,,
br,botinha de surf,,,,,,30,0,0.07,0.96,,,,"0.05,0.06,0.06,0.06,0.02,0.04,0.02,0.02,0.04,0.02,0.02,0.02",,,
br,calcado aquatico,,,,,,70,0,0.06,1.00,,,,"0.52,0.52,0.64,0.41,0.41,0.52,0.41,0.41,0.52,0.29,0.41,0.52",,,
br,calcado para agua,,,,,,20,0,0.04,0.99,,,,"0.66,0.66,0.66,0.00,0.66,0.66,0.66,0.66,0.66,0.66,0.66,0.66",,,
br,calcado para esportes aquaticos,,,,,,,,,,,,,,,,
br,calcado para praia,,,,,,20,0,0.07,1.00,,,,"0.07,0.07,0.14,0.14,0.14,0.14,0.28,0.35,0.28,0.07,0.07,0.28",,,
br,calcao natacao,,,,,,110,16,0.07,1.00,225,Commercial,"People Also Ask, Popular Products, Related Searches, Image Pack, Site Links, Video","0.53,0.42,0.53,0.65,0.26,0.26,0.19,0.15,0.53,0.42,0.53,0.42",20,,
br,calça de natação,,,,,,90,21,0.08,1.00,233,"Informational, Commercial","Related Searches, Image Pack, Site Links, Video, Image, People Also Ask, Popular Products","0.50,0.50,0.64,0.78,0.64,0.64,0.50,0.78,0.78,0.50,0.50,0.50",20,,
br,calça para natação,,,,,,90,22,0.08,0.98,225,Informational,"Popular Products, Related Searches, Image Pack, Site Links, Video, Image, People Also Ask","0.41,0.52,0.41,0.41,0.82,0.82,0.52,0.64,0.82,0.64,0.64,0.52",20,,
br,calção de natação,,,,,,170,10,0.06,0.99,196,Commercial,"Related Searches, Image Pack, Site Links, Video, Image, People Also Ask, Popular Products","0.34,0.34,0.81,1.00,0.53,0.53,0.34,0.34,0.53,0.28,0.43,0.34",20,,
br,calção de natação masculino,,,,,,110,8,0.05,1.00,874000,"Informational, Commercial","Related Searches, Image Pack, Site Links, Video, Image, People Also Ask, Popular Products","0.33,0.42,0.80,1.00,0.52,0.42,0.33,0.23,0.52,0.42,0.42,0.33",20,,
br,calção para natação,,,,,,110,8,0.07,1.00,228,Commercial,"Video, Image, Popular Products, Related Searches, Image Pack, Site Links","0.14,0.11,0.11,0.14,0.11,0.04,0.11,0.09,0.11,0.09,0.14,0.11",20,,
br,camisa borracha surf,,,,,,20,0,0.08,1.00,,,,"1.00,1.00,1.00,1.00,1.00,1.00,1.00,1.00,1.00,1.00,1.00,1.00",,,
br,camisa de borracha para surf,,,,,,,,,,,,,,,,
br,camisa de borracha surf,,,,,,40,0,0.07,1.00,,,,"0.18,0.18,0.27,0.36,0.27,0.27,0.36,0.63,1.00,0.18,0.36,0.36",,,
br,camisa de neoprene manga longa,,,,,,20,0,0.00,1.00,,,,"0.14,0.14,0.14,0.14,0.00,0.00,0.14,0.14,0.14,0.14,0.14,0.14",,,
br,camisa de neoprene masculina,,,,,,20,0,0.04,1.00,,,,"0.11,0.11,0.11,0.11,0.11,0.11,0.11,0.11,0.11,0.11,0.11,0.11",,,
br,camisa de neoprene mormaii,,,,,,20,0,0.00,1.00,,,,"0.14,0.14,0.14,0.14,0.14,0.14,0.14,0.14,0.14,0.14,0.14,0.14",,,
br,camisa de neoprene para mergulho,,,,,,20,0,0.00,1.00,,,,"0.14,0.14,0.00,0.14,0.14,0.14,0.14,0.14,0.14,0.14,0.14,0.14",,,
br,camisa de neoprene para natação,,,,,,40,0,0.06,1.00,,,,"0.64,0.64,0.11,0.11,0.11,0.11,0.11,0.11,0.11,0.11,0.11,0.11",,,
br,camisa de neoprene para surf,,,,,,20,0,0.08,1.00,,,,"0.18,0.18,0.18,0.18,0.18,0.18,0.18,0.18,0.18,0.18,0.18,0.18",,,
br,camisa de neoprene surf,,,,,,20,0,0.08,1.00,,,,"0.14,0.14,0.09,0.09,0.09,0.09,0.09,0.09,0.09,0.09,0.09,0.09",,,
br,camisa lycra neoprene,,,,,,,,,,,,,,,,
br,camisa manga longa neoprene,,,,,,20,0,0.09,1.00,,,,"0.03,0.03,0.03,0.03,0.03,0.03,0.03,0.03,0.03,0.03,0.03,0.03",,,
br,camisa mergulho mormaii manga longa neolycra,,,,,,0,0,0.00,0.00,,,,"0.00,0.00,0.00,0.00,0.00,0.00,0.00,0.00,0.00,0.00,0.00,0.00",,,
br,camisa mormaii neoprene,,,,,,30,0,0.08,1.00,,,,"1.00,0.18,0.18,0.18,0.18,0.18,0.18,0.18,0.18,0.18,0.18,0.18",,,
br,camisa natação masculina,,,,,,110,21,0.07,1.00,229,"Informational, Transactional","Image Pack, Site Links, Video, Popular Products, Related Searches","0.42,0.14,0.33,0.42,0.42,0.42,0.52,0.80,0.80,0.42,0.42,0.52",20,,
br,camisa neolycra,,,,,,20,0,0.06,1.00,,,,"0.14,0.14,0.14,0.14,0.14,0.14,0.14,0.14,0.14,0.14,0.14,0.14",,,
br,camisa neoprene,,,,,,260,16,0.08,1.00,198,"Informational, Commercial","Image Pack, Site Links, Video, Image, People Also Ask, Popular Products, Related Searches","0.29,0.44,0.44,0.29,0.23,0.29,0.29,0.29,0.36,0.19,0.23,0.36",20,,
br,camisa neoprene 1 5mm,,,,,,20,0,0.04,1.00,,,,"0.40,0.40,0.40,0.40,0.40,0.40,0.40,0.40,0.40,0.40,0.40,0.40",,,
br,camisa neoprene 1mm,,,,,,20,0,0.08,1.00,,,,"0.66,0.66,0.66,0.66,0.66,0.66,0.66,0.66,0.66,0.66,0.66,0.66",,,
br,camisa neoprene 2mm,,,,,,20,0,0.07,1.00,,,,"0.02,0.02,0.02,0.02,0.02,0.02,0.02,0.02,0.02,0.02,0.02,0.02",,,
br,camisa neoprene 3mm,,,,,,20,0,0.07,1.00,,,,"0.18,0.18,0.18,0.18,0.18,0.18,0.18,0.18,0.18,0.18,0.18,0.18",,,
br,camisa neoprene billabong,,,,,,20,0,0.00,0.00,,,,"1.00,1.00,1.00,1.00,0.00,0.00,1.00,0.00,1.00,1.00,1.00,1.00",,,
br,camisa neoprene decathlon,,,,,,20,0,0.02,1.00,,,,"0.14,0.14,0.14,0.14,0.14,0.14,0.14,0.14,0.14,0.14,0.14,0.14",,,
br,camisa neoprene feminina,,,,,,90,8,0.07,1.00,166,Commercial,"Site Links, Video, Image, Popular Products, Related Searches","0.64,0.82,0.52,0.29,0.29,0.41,0.41,0.29,0.41,0.29,0.41,0.41",20,,
br,camisa neoprene hurley,,,,,,20,0,0.00,1.00,,,,"1.00,1.00,1.00,1.00,1.00,1.00,1.00,1.00,1.00,1.00,1.00,1.00",,,
br,camisa neoprene manga curta,,,,,,20,0,0.00,1.00,,,,"0.18,0.18,0.18,0.18,0.18,0.18,0.18,0.18,0.18,0.18,0.18,0.18",,,
br,camisa neoprene manga longa,,,,,,20,0,0.09,1.00,,,,"0.18,0.18,0.18,0.18,0.18,0.18,0.18,0.18,0.18,0.18,0.18,0.18",,,
br,camisa neoprene masculina,,,,,,20,0,0.09,1.00,,,,"0.18,0.18,0.18,0.18,0.18,0.18,0.18,0.18,0.18,0.18,0.18,0.18",,,
br,camisa neoprene mergulho,,,,,,20,0,0.05,1.00,,,,"0.50,0.50,0.50,0.50,0.50,0.50,0.50,0.50,0.50,0.50,0.50,0.50",,,
br,camisa neoprene mormaii,,,,,,30,0,0.08,1.00,,,,"1.00,0.18,0.18,0.18,0.18,0.18,0.18,0.18,0.18,0.18,0.18,0.18",,,
br,camisa neoprene natação,,,,,,110,23,0.08,1.00,135000,Commercial,"Image Pack, Site Links, Video, Image, People Also Ask, Related Searches","0.42,0.65,0.53,0.42,0.42,0.26,0.42,0.26,0.26,0.19,0.26,0.34",20,,
br,camisa neoprene para natação,,,,,,110,16,0.09,1.00,193,Commercial,"Video, People Also Ask, Popular Products, Related Searches, Site Links","0.53,0.65,0.53,0.42,0.42,0.34,0.42,0.34,0.34,0.19,0.34,0.42",20,,
br,camisa neoprene rip curl,,,,,,20,0,0.11,0.90,,,,"0.11,0.11,0.11,0.11,0.11,0.11,0.11,0.11,0.11,0.11,0.11,0.11",,,
br,camisa neoprene surf,,,,,,140,12,0.11,1.00,190,Commercial,"Image Pack, Site Links, Video, Popular Products, Related Searches","0.35,0.29,0.22,0.22,0.22,0.29,0.29,0.43,0.43,0.29,0.29,0.43",20,,
br,camisa neoprene surf 2mm,,,,,,20,0,0.08,0.99,,,,"0.18,0.18,0.18,0.18,0.18,0.18,0.18,0.18,0.18,0.18,0.18,0.18",,,
br,camisa surf neoprene,,,,,,140,12,0.11,1.00,187,Commercial,"Video, People Also Ask, Popular Products, Related Searches, Site Links","0.53,0.53,0.28,0.34,0.34,0.43,0.34,0.53,0.43,0.43,0.43,0.53",20,,
br,camisa termica natação,,,,,,110,22,0.05,1.00,237,Commercial,"Popular Products, Related Searches, Image Pack, Site Links, Video, Image, People Also Ask","0.53,0.53,0.53,0.43,0.34,0.21,0.15,0.21,0.21,0.21,0.21,0.43",20,,
br,camisa termica para agua,,,,,,20,0,0.04,0.92,,,,"0.22,0.22,0.22,0.22,0.22,0.22,0.22,0.22,0.22,0.22,0.22,0.22",,,
br,camisa termica para praia,,,,,,90,22,0.05,1.00,256,"Informational, Commercial","Site Links, Video, Video Carousel, People Also Ask, Popular Products, Related Searches, Image Pack","0.15,0.15,0.26,0.19,0.26,0.42,0.53,0.65,1.00,0.65,0.42,0.34",20,,
br,camisa termica para surf,,,,,,20,0,0.00,1.00,,,,"0.11,0.11,0.11,0.11,0.11,0.11,0.11,0.11,0.11,0.11,0.11,0.11",,,
br,camisa termica praia,,,,,,140,23,0.06,0.99,245,"Informational, Transactional","Video, Image, People Also Ask, Popular Products, Related Searches, Image Pack, Site Links","0.14,0.14,0.18,0.14,0.18,0.22,0.43,0.81,0.54,0.18,0.18,0.18",20,,
br,camiseta com neoprene e uv,,,,,,,,,,,,,,,,
br,camiseta natação,,,,,,260,22,0.09,1.00,202,"Informational, Commercial","Related Searches, Image Pack, Site Links, Video, People Also Ask, Popular Products","0.44,0.44,0.28,0.28,0.44,0.23,0.35,0.54,0.81,0.28,0.35,0.54",20,,
br,camiseta neoprene,,,,,,260,22,0.08,1.00,230,"Informational, Commercial","Site Links, Video, People Also Ask, Popular Products, Related Searches, Image Pack","0.35,0.44,0.15,0.28,0.35,0.35,0.28,0.66,0.54,0.35,0.06,0.05",20,,
br,camiseta neoprene 1.5mm,,,,,,0,0,0.00,0.00,,,,"0.00,0.00,0.00,0.00,0.00,0.00,0.00,0.00,0.00,0.00,0.00,0.00",,,
br,camiseta neoprene feminina,,,,,,70,0,0.07,1.00,,,,"0.52,0.66,0.42,0.19,0.19,0.33,0.33,0.23,0.33,0.23,0.23,0.33",,,
br,camiseta neoprene manga curta,,,,,,20,0,0.06,1.00,,,,"1.00,1.00,1.00,1.00,1.00,1.00,1.00,1.00,1.00,1.00,1.00,1.00",,,
br,camiseta neoprene masculina,,,,,,70,0,0.09,1.00,,,,"0.42,0.26,0.26,0.19,0.26,0.26,0.26,0.26,0.26,0.19,0.19,0.26",,,
br,camiseta neoprene use zero hora,,,,,,,,,,,,,,,,
br,camiseta para agua fria,,,,,,,,,,,,,,,,
br,camiseta termica para agua fria,,,,,,,,,,,,,,,,
br,camiseta termica para surf,,,,,,0,0,0.00,0.00,,,,"0.00,0.00,0.00,0.00,0.00,0.00,0.00,0.00,0.00,0.00,0.00,0.00",,,
br,camiseta termica surf,,,,,,10,0,0.07,1.00,,,,"0.18,0.00,0.18,0.00,0.00,0.00,0.00,0.18,0.18,0.18,0.18,0.18",,,
br,conjunto de neoprene,,,,,,20,0,0.00,0.98,,,,"0.50,0.50,0.50,0.50,0.50,0.50,0.50,0.50,0.50,0.50,0.50,0.50",,,
br,conjunto neoprene,,,,,,50,0,0.06,0.97,,,,"0.18,0.22,0.14,0.14,0.10,0.10,0.08,0.04,0.04,0.04,0.04,0.08",,,
br,equipamentos da natação,,,,,,210,16,0.07,0.99,190,Informational,"Video Carousel, People Also Ask, Related Searches, AI Overview, Image Pack, Site Links, Video","0.66,0.29,0.22,0.14,0.66,0.54,0.35,0.43,0.81,0.43,0.54,0.43",20,,
br,equipamentos para natacao,,,,,,260,22,0.07,0.99,192,"Informational, Commercial","Popular Products, Related Searches, Short Videos, Knowledge Panel, Site Links, Video, Video Carousel, People Also Ask","1.00,0.65,0.65,0.81,0.81,0.81,0.81,0.81,0.81,0.81,0.81,0.81",20,,
br,equipamentos para natação,,,,,,260,24,0.07,0.99,187,Informational,"Site Links, Video, People Also Ask, Popular Products, Related Searches, AI Overview, Local Pack, Image Pack","0.82,0.53,0.53,0.66,0.82,0.53,0.66,0.82,0.66,0.66,0.66,0.66",20,,
br,jaqueta de neoprene,,,,,,110,7,0.19,1.00,207,Commercial,"Popular Products, Related Searches, Image Pack, Site Links, Video, Image, People Also Ask","0.53,0.65,0.53,0.34,0.26,0.34,0.34,0.26,0.19,0.19,0.34,0.34",20,,
br,jaqueta neoprene surf,,,,,,210,9,0.12,1.00,211,Commercial,"Image, Popular Products, Related Searches, Image Pack, Site Links, Video","0.65,0.65,0.65,0.53,0.43,0.53,0.81,0.81,0.65,0.43,0.53,0.65",20,,
br,jaqueta para surf,,,,,,0,0,0.00,0.00,,,,"0.00,0.00,0.00,0.00,0.00,0.00,0.00,0.00,0.00,0.00,0.00,0.00",,,
br,john surf,,,,,,260,13,0.16,1.00,194,Commercial,"Related Searches, Image Pack, Site Links, Video, People Also Ask, Popular Products","0.44,0.54,0.66,0.36,0.29,0.36,0.29,0.29,0.44,0.23,0.36,0.36",20,,
br,kit neoprene,,,,,,20,0,0.00,0.14,,,,"0.50,0.50,0.50,0.50,0.50,0.50,0.00,0.50,0.50,0.50,0.50,0.50",,,
br,loja de natacao,,,,,,320,28,0.08,0.98,191,Commercial,"Local Pack, Site Links, Video, Image, Video Carousel, Popular Products, Related Searches","0.54,0.54,0.43,0.54,0.81,0.81,0.54,0.43,0.81,0.54,0.54,0.43",20,,
br,loja de natação,,,,,,260,29,0.12,1.00,6650000,Commercial,"People Also Ask, Popular Products, Related Searches, Local Pack, Site Links, Video, Image","0.54,0.43,0.43,0.43,0.35,0.43,0.54,0.54,1.00,0.43,0.66,0.54",20,,
br,loja de natação perto de mim,,,,,,320,21,0.09,0.99,198,Transactional,"Local Pack, Site Links, Video, People Also Ask, Related Searches","0.44,0.36,0.44,0.54,0.54,0.44,0.36,0.36,0.54,0.44,0.66,0.36",20,,
br,loja de roupa de natação,,,,,,90,21,0.16,1.00,189,Commercial,"Site Links, Video, Popular Products, Related Searches, Local Pack","0.02,0.02,0.03,0.02,0.05,0.04,0.02,0.02,0.04,0.03,0.03,0.02",20,,
br,loja de roupa de neoprene,,,,,,,,,,,,,,,,
br,loja roupa de surf,,,,,,110,27,0.15,1.00,200,Commercial,"Local Pack, Site Links, Reviews, Video, Related Searches, Adwords Middle","0.34,0.42,0.42,0.42,0.26,0.34,0.53,0.80,0.34,0.19,0.26,0.53",20,,
br,long john,,,,,,2400,11,0.12,1.00,3270000000,Commercial,"Image Pack, Site Links, Video, Image, Video Carousel, People Also Ask, Related Searches","0.65,0.65,0.54,0.54,0.29,0.43,0.43,0.43,0.43,0.36,0.43,0.54",20,,
br,long john john,,,,,,1300,10,0.12,1.00,192,Commercial,"Video, Video Carousel, People Also Ask, Popular Products, Related Searches, Site Links","0.00,0.66,0.66,0.44,0.52,1.00,0.80,0.66,0.66,0.66,0.80,1.00",20,,
br,long john masculino,,,,,,480,13,0.10,1.00,198,Commercial,"Image Pack, Site Links, Video, People Also Ask, Popular Products, Related Searches","0.36,0.45,0.45,0.36,0.30,0.45,0.45,0.36,0.45,0.24,0.45,0.55",20,,
br,long surf,,,,,,140,7,0.08,1.00,189,"Informational, Commercial","Site Links, Video, Image, Video Carousel, People Also Ask, Related Searches, Image Pack","0.23,0.35,0.35,0.35,0.28,0.23,0.35,0.35,0.53,0.23,0.35,0.28",20,,
br,macacao natacao,,,,,,210,18,0.06,1.00,198,Commercial,"Video, Image, Popular Products, Related Searches, Image Pack, Site Links","0.44,0.23,0.36,0.29,0.29,0.29,0.19,0.19,0.44,0.44,0.36,0.29",20,,
br,macacao neoprene,,,,,,170,21,0.08,1.00,196,Commercial,"Image Pack, Site Links, Video, Image, People Also Ask, Popular Products, Related Searches","0.53,0.43,0.53,0.53,0.35,0.43,0.43,0.35,0.43,0.35,0.43,0.43",20,,
br,macacao neoprene feminino,,,,,,70,0,0.11,1.00,,,,"0.23,0.52,0.52,0.41,0.52,0.41,0.41,0.29,0.29,0.29,0.52,0.52",,,
br,macacao para natacao,,,,,,140,16,0.10,1.00,194,Commercial,"People Also Ask, Popular Products, Related Searches, Image Pack, Site Links, Video, Image, Video Carousel","0.18,0.18,0.35,0.28,0.23,0.11,0.18,0.28,0.35,1.00,0.23,0.23",20,,
br,macacao para natacao feminina,,,,,,260,17,0.06,1.00,197,Commercial,"Video, Popular Products, Related Searches, AI Overview, Site Links","0.19,0.23,0.09,0.54,0.54,0.54,0.23,0.23,0.44,0.01,0.66,0.54",20,,
br,macacao surf feminino,,,,,,110,9,0.14,1.00,563000,"Informational, Commercial","Image Pack, Site Links, Video, Image, Popular Products, Related Searches","0.21,0.15,0.21,0.15,0.21,0.21,0.21,0.21,0.06,0.15,0.06,0.06",20,,
br,macacão de mergulho,,,,,,170,27,0.03,0.96,317000,"Informational, Commercial","People Also Ask, Popular Products, Related Searches, Image Pack, Site Links, Video, Image","0.65,0.65,0.53,0.65,0.65,0.53,0.53,0.53,0.80,0.42,0.42,0.65",20,,
br,macacão de natação feminino,,,,,,320,20,0.06,1.00,186,"Informational, Transactional","Popular Products, Related Searches, Short Videos, Image Pack, Site Links, Video, Image, People Also Ask","0.54,0.43,0.35,0.66,0.81,0.81,0.54,0.35,1.00,0.66,0.66,0.81",20,,
br,macacão de natação masculino,,,,,,140,16,0.07,1.00,178,"Informational, Commercial","Related Searches, Image Pack, Site Links, Video, Image, People Also Ask, Popular Products","0.66,0.80,0.66,0.80,0.66,0.66,0.42,0.66,0.66,0.66,0.66,0.66",20,,
br,macacão de surf feminino,,,,,,110,16,0.06,1.00,202,"Informational, Commercial","Site Links, Video, Image, People Also Ask, Popular Products, Related Searches, Image Pack","0.52,0.64,0.64,0.64,0.64,0.52,0.64,0.82,1.00,0.64,0.52,0.64",20,,
br,macacão neoprene,,,,,,140,21,0.08,1.00,202,"Informational, Transactional","Image Pack, Site Links, Video, Image, People Also Ask, Popular Products, Related Searches","0.23,0.35,0.43,0.43,0.28,0.35,0.35,0.35,0.35,0.35,0.35,0.35",20,,
br,macacão neoprene feminino,,,,,,70,0,0.11,1.00,,,,"0.52,0.52,0.52,0.41,0.52,0.41,0.52,0.29,0.29,0.29,0.52,0.52",,,
br,maio masculino natação,,,,,,170,21,0.07,1.00,214,"Informational, Commercial","Image, People Also Ask, Popular Products, Related Searches, Image Pack, Site Links, Video","0.53,0.53,0.80,1.00,0.65,1.00,0.65,0.65,0.80,0.53,0.80,0.80",20,,
br,maios esportivos,,,,,,140,22,0.15,1.00,205,Commercial,"Popular Products, Related Searches, Image Pack, Site Links, Video, Image","0.10,0.00,0.29,0.04,0.06,0.10,0.08,0.10,0.81,0.43,0.35,0.14",20,,
br,maiô masculino para natação,,,,,,210,21,0.07,1.00,208,Informational,"Video, People Also Ask, Popular Products, Related Searches, Image Pack, Site Links","0.53,0.53,0.65,0.65,0.81,0.81,0.65,0.65,0.65,0.43,0.65,0.65",20,,
br,maiô natação masculino,,,,,,210,22,0.07,1.00,186,Commercial,"Site Links, Video, People Also Ask, Popular Products, Related Searches","0.53,0.53,0.65,0.65,0.81,0.81,0.65,0.65,0.65,0.43,0.65,0.65",20,,
br,marcas de roupa de surf,,,,,,140,17,0.12,1.00,157,Commercial,"Video, Video Carousel, People Also Ask, Related Searches, AI Overview, Site Links","0.21,0.21,0.21,0.53,0.53,0.43,0.65,0.65,0.43,0.53,0.34,0.53",20,,
br,marcas de surfista,,,,,,140,8,0.13,1.00,87,Commercial,"Site Links, Video, People Also Ask, Popular Products, Related Searches, AI Overview","0.01,0.01,0.01,0.01,0.01,0.01,0.34,0.03,0.02,0.01,0.01,0.01",20,,
br,material de natacao,,,,,,170,34,0.07,1.00,196,Commercial,"Video Carousel, People Also Ask, Popular Products, Related Searches, Local Pack, Image Pack, Site Links, Video","0.53,0.34,0.34,0.65,0.43,0.65,0.53,0.34,0.53,0.53,0.81,0.81",20,,
br,material para natacao,,,,,,140,28,0.07,1.00,196,Commercial,"Local Pack, Image Pack, Site Links, Video, Video Carousel, People Also Ask, Popular Products, Related Searches","0.53,0.42,0.42,0.65,0.65,0.80,0.65,0.42,0.65,0.65,0.65,0.42",20,,
br,material para natação,,,,,,140,22,0.07,1.00,193,Informational,"Video, People Also Ask, Image Pack, Site Links, Popular Products, Related Searches, Short Videos, AI Overview, Local Pack","0.34,0.34,0.34,0.43,0.43,0.43,0.34,0.28,0.65,0.43,0.53,0.43",20,,
br,meia aquatica,,,,,,260,24,0.03,1.00,106000,Commercial,"People Also Ask, Popular Products, Related Searches, Image Pack, Site Links, Video, Image","0.44,0.35,0.35,0.44,0.28,0.35,0.54,0.66,0.54,0.28,0.35,0.44",20,,
br,meia de neoprene,,,,,,320,7,0.05,1.00,171,"Informational, Commercial","Image Pack, Site Links, Video, Image, People Also Ask, Popular Products, Related Searches","0.44,0.54,0.54,0.36,0.23,0.23,0.29,0.36,0.44,0.29,0.29,0.36",20,,
br,meia de surf,,,,,,0,0,0.14,0.97,,,,"0.00,0.00,0.50,0.50,0.00,0.00,0.00,0.00,0.50,0.50,0.00,0.00",,,
br,meia neoprene,,,,,,390,12,0.07,1.00,211,Informational,"Related Searches, AI Overview, Image Pack, Site Links, Video, Image, People Also Ask, Popular Products","0.36,0.45,0.45,0.24,0.16,0.16,0.16,0.20,0.24,0.16,0.24,0.24",20,,
br,meia para surf,,,,,,0,0,0.00,0.00,,,,"0.00,0.00,0.00,0.00,0.00,0.00,0.00,0.00,0.00,0.00,0.00,0.00",,,
br,melhores maios para natação,,,,,,70,0,0.08,1.00,,,,"0.50,0.35,0.35,0.50,0.50,0.50,0.35,0.35,0.64,0.35,0.78,0.78",,,
br,moda surf masculina,,,,,,110,21,0.15,1.00,181,Commercial,"Local Pack, Site Links, Video, Popular Products, Related Searches","0.28,0.28,0.28,0.34,0.34,0.34,0.43,0.43,0.28,0.21,0.21,0.21",20,,
br,natação masculina,,,,,,90,10,0.08,0.90,192,Commercial,"Image Pack, Site Links, Video, People Also Ask, Popular Products, Related Searches","0.10,0.07,0.10,0.12,0.07,0.10,0.12,0.07,0.10,0.15,0.10,0.10",20,,
br,natação materiais,,,,,,140,18,0.07,1.00,199,Informational,"Video, Video Carousel, People Also Ask, Related Searches, Short Videos, AI Overview, Site Links","0.43,0.43,0.34,0.00,0.65,0.53,0.53,0.06,0.65,0.43,0.65,0.53",20,,
br,neoprene camisa,,,,,,20,0,0.06,1.00,,,,"0.03,0.03,0.05,0.03,0.03,0.03,0.03,0.03,0.03,0.03,0.00,0.03",,,
br,neoprene camiseta,,,,,,20,0,0.00,1.00,,,,"0.00,0.00,0.00,0.22,0.22,0.22,0.22,0.22,0.22,0.22,1.00,0.22",,,
br,neoprene feminino,,,,,,110,11,0.11,1.00,170,Commercial,"Video, Image, People Also Ask, Popular Products, Related Searches, Image Pack, Site Links","0.22,0.22,0.35,0.22,0.22,0.18,0.18,0.22,0.14,0.10,0.18,0.29",20,,
br,neoprene natacao,,,,,,210,11,0.10,1.00,145,Commercial,"Site Links, Video, Video Carousel, People Also Ask, Popular Products, Related Searches, Image Pack","1.00,0.65,1.00,0.81,0.81,0.65,0.65,0.65,0.65,0.65,1.00,1.00",20,,
br,neoprene natação,,,,,,320,9,0.10,1.00,192,"Informational, Commercial","Image Pack, Site Links, Video, Video Carousel, People Also Ask, Related Searches, Short Videos, AI Overview, Popular Products","0.66,1.00,0.81,0.54,0.66,0.66,0.66,0.35,0.54,0.35,0.54,0.54",20,,
br,neoprene para natacao,,,,,,,,,,,,,,,,
br,neoprene para natação,,,,,,260,11,0.10,1.00,182,Commercial,"Short Videos, Image Pack, Site Links, Video, Video Carousel, People Also Ask, Popular Products, Related Searches","0.44,0.54,0.44,0.35,0.28,0.35,0.35,0.35,0.28,0.28,0.35,0.44",20,,
br,neoprene para surf,,,,,,20,0,0.10,1.00,,,,"0.11,0.11,0.11,0.11,0.11,0.11,0.11,0.11,0.11,0.11,0.11,0.11",,,
br,neoprene sapatilha,,,,,,1300,17,0.05,1.00,202,Commercial,"Image Pack, Site Links, Video, Image, People Also Ask, Related Searches","0.30,0.24,0.34,0.55,0.34,0.44,0.00,0.44,0.55,0.44,0.44,0.44",20,,
br,neoprene surf,,,,,,140,10,0.10,1.00,193,Commercial,"Related Searches, Image Pack, Site Links, Video, Image, Video Carousel, People Also Ask, Popular Products","0.28,0.28,0.28,0.18,0.18,0.18,0.18,0.18,0.18,0.15,0.23,0.18",20,,
br,onde comprar roupa de neoprene,,,,,,0,0,0.00,0.00,,,,"0.00,0.00,0.00,0.00,0.00,0.00,0.00,0.00,0.00,0.00,0.00,0.00",,,
br,roupa de borracha,,,,,,720,10,0.16,1.00,193,Commercial,"Image Pack, Site Links, Video, Image, People Also Ask, Popular Products","0.36,0.36,0.55,0.45,0.45,0.36,0.45,0.36,0.55,0.36,0.30,0.45",20,,
br,roupa de borracha feminina,,,,,,110,10,0.11,1.00,195,Commercial,"Related Searches, Image Pack, Site Links, Video, Image, People Also Ask, Popular Products","0.53,0.42,0.34,0.42,0.34,0.42,0.34,0.34,0.26,0.19,0.34,0.34",20,,
br,roupa de borracha natação,,,,,,320,10,0.16,1.00,659000,Commercial,"Video, Image, Video Carousel, People Also Ask, Popular Products, Image Pack, Site Links","0.66,0.66,0.54,0.81,0.54,0.54,0.44,0.35,0.44,0.28,0.44,0.66",20,,
br,roupa de borracha para natação,,,,,,320,7,0.12,1.00,181,Commercial,"Video, People Also Ask, Popular Products, Related Searches, Image Pack, Site Links, Image, Video Carousel, AI Overview","0.81,0.66,0.66,0.81,0.54,0.44,0.54,0.28,0.54,0.35,0.44,0.81",20,,
br,roupa de borracha para natação masculino,,,,,,40,0,0.07,1.00,,,,"0.14,0.14,0.14,1.00,0.78,0.14,0.14,0.14,0.00,0.14,0.14,0.14",,,
br,roupa de borracha para surf,,,,,,390,10,0.09,1.00,194,Commercial,"Site Links, Video, Image, People Also Ask, Popular Products, Related Searches, Image Pack","0.81,0.66,0.81,1.00,0.54,0.54,0.66,0.66,0.81,0.35,0.54,0.81",20,,
br,roupa de borracha para triathlon,,,,,,390,5,0.26,1.00,185,Commercial,"Related Searches, Short Videos, Site Links, Video, Image, Video Carousel, Popular Products","0.81,0.81,0.66,0.81,0.81,0.81,1.00,0.66,0.54,0.54,0.81,0.66",20,,
br,roupa de mergulho,,,,,,6600,24,0.05,1.00,191,Informational,"Site Links, Video, Image, People Also Ask, Popular Products, Related Searches, Image Pack","0.54,0.44,0.44,0.44,0.54,0.44,0.54,0.66,0.54,0.44,0.36,0.36",20,,
br,roupa de mergulho profissional,,,,,,320,7,0.06,1.00,191,Commercial,"People Also Ask, Popular Products, Related Searches, Image Pack, Site Links, Video, Video Carousel","0.66,0.54,0.81,0.66,0.66,0.66,0.66,0.81,0.81,0.54,0.66,0.66",20,,
br,roupa de nadador,,,,,,320,11,0.31,0.96,197,"Informational, Commercial","Video Carousel, People Also Ask, Popular Products, Related Searches, Image Pack, Site Links, Video","0.66,0.43,0.54,0.66,0.54,0.81,0.66,1.00,0.66,0.54,0.43,0.29",20,,
br,roupa de nadar,,,,,,140,10,0.13,0.96,218,Informational,"Video Carousel, People Also Ask, Popular Products, Related Searches, Image Pack, Site Links, Video","0.34,0.34,0.42,0.42,0.53,0.53,0.53,1.00,0.80,0.42,0.53,0.53",20,,
br,roupa de natacao feminina,,,,,,170,6,0.09,1.00,46800,Commercial,"Image Pack, Site Links, Video, Image, Popular Products, Related Searches","0.36,0.19,0.19,0.36,0.19,0.29,0.44,0.36,0.66,0.36,0.54,0.44",20,,
br,roupa de natacao masculina,,,,,,140,11,0.08,1.00,30000,Commercial,"People Also Ask, Popular Products, Related Searches, Image Pack, Site Links, Video, Image","0.10,0.14,0.43,0.43,0.29,0.43,0.35,0.43,0.81,0.43,0.66,0.54",20,,
br,roupa de natação,,,,,,1900,16,0.09,1.00,4790000,Commercial,"Local Pack, Image Pack, Site Links, Video, Image, People Also Ask, Popular Products, Related Searches","0.44,0.36,0.44,0.52,0.52,0.52,0.44,0.44,1.00,0.52,0.66,0.52",20,,
br,roupa de natação feminina infantil,,,,,,30,0,0.05,1.00,,,,"0.26,0.00,0.26,0.26,0.11,0.00,0.00,0.03,0.19,0.19,0.11,0.11",,,
br,roupa de natação infantil,,,,,,590,21,0.06,1.00,212,"Informational, Commercial","Image Pack, Site Links, Video, Video Carousel, People Also Ask, Popular Products, Related Searches","0.36,0.30,0.36,0.45,0.45,0.45,0.36,0.24,0.45,0.36,0.45,0.36",20,,
br,roupa de natação infantil masculino,,,,,,140,9,0.04,0.99,187,"Informational, Commercial","Site Links, Video, People Also Ask, Popular Products, Related Searches, Image Pack","0.23,0.28,0.35,0.35,0.43,0.35,0.28,0.17,0.43,0.43,0.43,0.35",20,,
br,roupa de natação masculina,,,,,,590,9,0.08,1.00,189,"Informational, Commercial","Image Pack, Site Links, Video, Image, People Also Ask, Popular Products, Related Searches","0.48,0.48,0.72,0.59,0.59,0.48,0.59,0.32,0.88,0.48,0.59,0.59",20,,
br,roupa de natação masculina adulto,,,,,,30,0,0.07,1.00,,,,"0.18,0.18,0.18,0.18,0.18,0.18,0.18,0.18,0.00,0.18,0.18,1.00",,,
br,roupa de natação masculina neoprene,,,,,,20,0,0.08,1.00,,,,"0.75,0.50,0.50,0.50,0.50,0.50,0.50,0.50,0.50,0.50,0.50,0.50",,,
br,roupa de natação masculina profissional,,,,,,20,0,0.05,1.00,,,,"0.50,1.00,1.00",,,
br,roupa de natação masculino,,,,,,320,5,0.08,1.00,1630000,"Informational, Commercial","Video, Image, Popular Products, Related Searches, Image Pack, Site Links","0.48,0.48,0.21,0.11,0.11,0.17,0.14,0.21,0.72,0.39,0.59,0.48",20,,
br,roupa de neoprene para natação,,,,,,260,16,0.11,1.00,308000,Commercial,"Popular Products, Related Searches, AI Overview, Image Pack, Site Links, Video, Video Carousel, People Also Ask","0.29,0.36,0.23,0.36,0.36,0.44,0.36,0.29,0.44,0.29,0.44,0.44",20,,
br,roupa de neoprene para surf,,,,,,50,0,0.18,1.00,,,,"0.64,0.82,0.52,0.41,0.11,0.11,0.11,0.11,0.11,0.11,0.11,0.11",,,
br,roupa de surf john,,,,,,70,0,0.16,1.00,,,,"0.50,0.64,0.78,0.64,0.50,0.64,0.50,0.50,0.64,0.35,0.50,0.50",,,
br,roupa de surfista,,,,,,590,11,0.12,1.00,186,Commercial,"Site Links, Video, Image, People Also Ask, Popular Products, Related Searches, Image Pack","0.20,0.20,0.41,0.24,0.30,0.20,0.24,0.30,0.54,0.54,0.36,0.24",20,,
br,roupa de surfista feminina,,,,,,140,11,0.11,1.00,176,Commercial,"Site Links, Video, Image, People Also Ask, Popular Products, Related Searches, Image Pack","0.19,0.19,0.06,0.06,0.04,0.23,0.23,0.36,0.23,0.15,0.06,0.05",20,,
br,roupa de surfista masculina,,,,,,320,12,0.13,1.00,182,Commercial,"People Also Ask, Popular Products, Related Searches, Image Pack, Site Links, Video, Image","0.16,0.20,0.16,0.16,0.24,0.24,0.30,0.45,0.45,0.24,0.20,0.24",20,,
br,roupa feminina natação,,,,,,590,9,0.08,1.00,2520000,Commercial,"Video, Image, Popular Products, Related Searches, Image Pack, Site Links","0.30,0.30,0.06,0.10,0.36,0.36,0.30,0.10,0.36,0.30,0.45,0.36",20,,
br,roupa masculina de natação,,,,,,10,0,0.07,0.94,,,,"1.00,1.00,0.00,0.00,0.00,0.00,0.00,1.00,0.00,0.00,1.00,1.00",,,
br,roupa mergulho neoprene,,,,,,110,6,0.09,1.00,195,Commercial,"Related Searches, Site Links, Video, Video Carousel, Popular Products","0.53,0.42,0.42,0.42,0.42,0.53,0.42,0.34,0.53,0.42,0.42,0.42",20,,
br,roupa neoprene,,,,,,1000,12,0.10,1.00,1190000,Commercial,"Video, Image, Video Carousel, People Also Ask, Related Searches, Image Pack, Site Links","0.34,0.44,0.55,0.30,0.30,0.44,0.44,0.30,0.44,0.24,0.34,0.34",20,,
br,roupa neoprene natacao,,,,,,170,7,0.11,1.00,186,Commercial,"Video, Video Carousel, Popular Products, Related Searches, Image Pack, Site Links","0.43,0.21,0.43,0.53,0.34,0.34,0.65,0.65,0.81,0.53,0.65,1.00",20,,
br,roupa neoprene natação,,,,,,390,12,0.15,1.00,319000,Commercial,"Video, Video Carousel, People Also Ask, Popular Products, Related Searches, Image Pack, Site Links","0.66,0.81,0.81,0.66,0.54,0.66,0.54,0.35,0.66,0.35,0.54,0.81",20,,
br,roupa neoprene para natação,,,,,,390,8,0.11,1.00,179,Commercial,"People Also Ask, Popular Products, Related Searches, Site Links, Video, Video Carousel","0.81,0.81,0.66,0.66,0.54,0.81,0.54,0.44,0.66,0.44,0.66,1.00",20,,
br,roupa para agua fria,,,,,,0,0,0.00,0.00,,,,"0.00,0.00,0.00,0.00,0.00,0.00,0.00,0.00,0.00,0.00,0.00,0.00",,,
br,roupa para aula de natação masculino,,,,,,20,0,0.07,1.00,,,,"0.18,0.18,0.18,0.18,0.18,0.18,0.18,0.18,0.18,0.00,0.18,0.18",,,
br,roupa para esportes aquaticos,,,,,,,,,,,,,,,,
br,roupa para mergulho,,,,,,590,23,0.06,1.00,5420000,"Informational, Commercial","Video Carousel, Popular Products, Related Searches, Image Pack, Site Links, Video, Image","0.36,0.36,0.45,0.45,0.45,0.45,0.45,0.45,0.45,0.30,0.30,0.30",20,,
br,roupa para mergulho neoprene,,,,,,90,7,0.10,1.00,295000,Commercial,"Site Links, Video, Image, Video Carousel, Popular Products, Related Searches, Image Pack","0.41,0.64,0.64,0.23,0.17,0.41,0.29,0.23,0.82,0.29,0.64,0.29",20,,
br,roupa para nadar,,,,,,90,15,0.06,1.00,189,"Informational, Commercial","Image Pack, Video, Image, Video Carousel, Site Links, People Also Ask, Popular Products, Related Searches, AI Overview","0.42,0.33,0.33,0.42,0.42,0.42,0.52,0.09,0.66,0.42,0.42,0.52",20,,
br,roupa para natacao masculina,,,,,,90,13,0.08,1.00,192,"Informational, Commercial","AI Overview, Image Pack, Site Links, Video, Adwords Bottom, People Also Ask, Popular Products, Related Searches","0.06,0.08,0.08,0.15,0.18,0.23,0.15,0.15,0.23,0.15,0.18,0.23",20,,
br,roupa para natação,,,,,,880,9,0.08,1.00,198,Informational,"Popular Products, Related Searches, Short Videos, Image Pack, Site Links, Video, Image","0.46,0.37,0.37,0.37,0.46,0.46,0.37,0.46,0.68,0.52,0.68,0.37",20,,
br,roupa para natação infantil,,,,,,260,16,0.06,1.00,241,Informational,"Video, Video Carousel, People Also Ask, Popular Products, Related Searches, Image Pack, Site Links","0.36,0.10,0.12,0.23,0.23,0.15,0.23,0.19,0.54,0.67,0.54,0.54",20,,
br,roupa para piscina masculino,,,,,,140,23,0.08,1.00,6630000,"Informational, Commercial","Popular Products, Related Searches, AI Overview, Image Pack, Site Links, Video, Video Carousel, People Also Ask","0.15,0.15,0.21,0.34,0.34,0.53,0.65,0.65,0.43,0.21,0.15,0.15",20,,
br,roupa termica natação,,,,,,170,23,0.06,1.00,200,Commercial,"Video, Image, People Also Ask, Popular Products, Related Searches, Site Links","0.81,0.81,0.65,0.53,0.43,0.43,0.28,0.34,0.43,0.28,0.43,0.65",20,,
br,roupa termica para agua,,,,,,20,0,0.07,0.65,,,,"0.66,1.00,1.00,0.66,0.66,0.66,0.66,0.66,0.66,0.66,0.66,0.66",,,
br,roupa termica para mar,,,,,,,,,,,,,,,,
br,roupa termica para natação,,,,,,170,19,0.06,1.00,210,Commercial,"Image Pack, Site Links, Video, People Also Ask, Popular Products, Related Searches, Short Videos","0.35,0.44,0.44,0.23,0.18,0.18,0.18,0.15,0.18,0.11,0.18,0.23",20,,
br,roupa termica surf,,,,,,50,0,0.08,1.00,,,,"0.41,0.52,0.52,0.41,0.29,0.29,0.29,0.29,0.11,0.11,0.11,0.11",,,
br,roupas de mergulho 5mm,,,,,,90,5,0.06,1.00,124,Commercial,"Site Links, Reviews, Video, Popular Products, Related Searches","0.34,0.34,0.43,0.34,0.21,0.21,0.21,0.21,0.21,0.21,0.21,0.21",20,,
br,roupas de mergulho feminina,,,,,,1000,16,0.08,1.00,2250000,Commercial,"Related Searches, Image Pack, Site Links, Video, Image, People Also Ask","0.62,0.36,0.55,0.45,0.55,0.62,0.62,0.81,0.81,0.45,0.36,0.45",20,,
br,roupas de mergulho masculino,,,,,,480,21,0.05,1.00,205,Commercial,"Video Carousel, People Also Ask, Popular Products, Related Searches, Image Pack, Site Links, Video","0.24,0.30,0.24,0.24,0.30,0.30,0.30,0.30,0.30,0.24,0.24,0.24",20,,
br,roupas de natacao,,,,,,720,14,0.09,1.00,193,Commercial,"Image Pack, Site Links, Video, People Also Ask, Popular Products, Related Searches, Local Pack","0.67,0.36,0.55,0.55,0.45,0.55,0.45,0.55,1.00,0.55,0.67,0.45",20,,
br,roupas de natação masculina,,,,,,70,0,0.07,1.00,,,,"0.63,0.45,0.45,0.63,1.00,0.45,0.45,0.63,0.63,0.45,0.45,0.63",,,
br,roupas de neoprene,,,,,,170,10,0.09,1.00,194,Commercial,"Image Pack, Site Links, Video, People Also Ask, Popular Products, Related Searches","0.59,0.48,0.21,0.02,0.03,0.03,0.01,0.39,0.32,0.03,0.17,0.05",20,,
br,roupas de piscina masculino,,,,,,110,21,0.09,0.97,180,"Informational, Commercial","Image Pack, Site Links, Video, People Also Ask, Popular Products, Related Searches","0.34,0.03,0.26,0.34,0.53,0.65,0.80,0.80,0.65,0.34,0.42,0.34",20,,
br,roupas em neoprene,,,,,,720,10,0.10,1.00,184,"Informational, Commercial","Site Links, Video, People Also Ask, Popular Products, Related Searches","0.00,0.62,0.81,0.81,0.36,0.81,0.36,0.13,0.24,0.00,0.55,0.55",20,,
br,roupas femininas neoprene,,,,,,210,12,0.10,1.00,199,Commercial,"Related Searches, AI Overview, Site Links, Video, People Also Ask, Popular Products","1.00,0.82,0.53,0.43,0.53,0.53,0.53,0.35,0.35,0.35,0.43,0.66",20,,
br,roupas para natacao,,,,,,880,12,0.08,1.00,196,Commercial,"Short Videos, Image Pack, Site Links, Video, People Also Ask, Popular Products, Related Searches","0.25,0.20,0.37,0.31,0.31,0.31,0.46,0.46,1.00,0.46,0.84,0.68",20,,
br,roupas para surfar,,,,,,590,16,0.10,1.00,11500000,Commercial,"Site Links, Video, People Also Ask, Popular Products, Related Searches, AI Overview, Image Pack","0.00,0.55,0.55,0.24,0.00,0.00,0.00,0.00,0.16,0.00,0.00,0.00",20,,
br,sapatilha antiderrapante,,,,,,720,14,0.06,1.00,178,Informational,"Video Carousel, People Also Ask, Popular Products, Related Searches, Short Videos, Image Pack, Site Links, Video","0.55,0.55,0.55,0.55,0.45,0.45,0.45,0.36,0.55,0.36,0.45,0.55",20,,
br,sapatilha antiderrapante para praia,,,,,,0,0,0.00,0.00,,,,"0.00,0.00,0.00,0.00,0.00,0.00,0.00,0.00,0.00,0.00,0.00,0.00",,,
br,sapatilha aquatica,,,,,,12100,20,0.04,1.00,186,Commercial,"Related Searches, Short Videos, AI Overview, Image Pack, Site Links, Reviews, Video, People Also Ask","0.44,0.44,0.44,0.44,0.54,0.54,0.54,0.81,1.00,0.66,0.66,0.81",20,,
br,sapatilha aquatica adulto,,,,,,10,0,0.04,1.00,,,,"0.14,0.00,0.14,0.14,0.07,0.00,0.00,0.00,0.14,0.14,0.14,0.14",,,
br,sapatilha aquatica antiderrapante,,,,,,110,22,0.04,1.00,193,Commercial,"People Also Ask, Popular Products, Related Searches, Short Videos, Site Links, Video, Video Carousel","0.28,0.17,0.23,0.23,0.17,0.23,0.23,0.43,0.35,0.35,0.35,0.35",20,,
br,sapatilha aquatica feminina,,,,,,1600,25,0.03,1.00,21300,Commercial,"Image Pack, Site Links, Video, Video Carousel, People Also Ask, Related Searches","0.44,0.44,0.55,0.55,0.55,0.55,0.55,0.55,0.82,0.65,0.55,0.65",20,,
br,sapatilha aquatica masculina,,,,,,590,22,0.04,1.00,243,"Informational, Commercial","Popular Products, Related Searches, Image Pack, Site Links, Video, Video Carousel, People Also Ask","0.26,0.48,0.48,0.59,0.59,0.48,0.72,0.88,1.00,0.59,0.72,0.72",20,,
br,sapatilha aquática,,,,,,3600,23,0.04,1.00,223,Commercial,"Image Pack, Site Links, Video, Image, Video Carousel, People Also Ask, Popular Products, Related Searches","0.19,0.16,0.10,0.05,0.16,0.13,0.13,0.19,0.24,0.10,0.19,0.08",20,,
br,sapatilha beach tennis,,,,,,1600,14,0.05,1.00,473000,Commercial,"Image Pack, Site Links, Video, Video Carousel, People Also Ask, Popular Products, Related Searches, Short Videos","0.36,0.36,0.24,0.19,0.08,0.08,0.08,0.07,0.07,0.05,0.08,0.10",20,,
br,sapatilha de mergulho,,,,,,260,20,0.05,1.00,240,"Informational, Commercial","Image Pack, Video, Image, Popular Products, Related Searches, Site Links, Video Carousel, People Also Ask, Short Videos","0.21,0.21,0.26,0.26,0.32,0.26,0.32,0.32,0.48,0.26,0.26,0.32",20,,
br,sapatilha de praia,,,,,,590,23,0.03,1.00,194,"Informational, Commercial","People Also Ask, Popular Products, Related Searches, Image Pack, Site Links, Video, Image, Video Carousel","0.30,0.24,0.36,0.30,0.36,0.36,0.45,0.62,0.81,0.36,0.36,0.36",20,,
br,sapatilha de surf,,,,,,0,0,0.04,1.00,,,,"0.00,0.00,0.00,0.00,0.00,0.00,0.00,0.00,0.00,0.00,0.00,0.00",,,
br,sapatilha em neoprene,,,,,,1300,17,0.05,1.00,700000,Commercial,"Site Links, Video, Image, Video Carousel, People Also Ask, Related Searches, Image Pack","0.44,0.36,0.36,0.36,0.36,0.44,0.00,0.36,0.44,0.36,0.36,0.36",20,,
br,sapatilha esportiva,,,,,,390,16,0.09,1.00,195,"Informational, Commercial","Site Links, Video, Image, Popular Products, Related Searches, Image Pack","0.81,0.66,0.54,0.54,0.54,0.54,0.81,0.44,0.54,0.54,1.00,1.00",20,,
br,sapatilha natacao,,,,,,20,0,0.04,1.00,,,,"0.60,0.80,0.20,0.40,0.60,0.40,0.40,0.40,0.80,0.20,0.20,0.20",,,
br,sapatilha nautica,,,,,,2400,23,0.04,1.00,194,"Informational, Transactional","Video Carousel, People Also Ask, Related Searches, Site Links, Image, Popular Products, Short Videos, Image Pack, Video","0.52,0.44,0.52,0.44,0.52,0.66,0.66,0.66,0.80,0.52,0.52,0.66",20,,
br,sapatilha nautica feminina,,,,,,590,24,0.03,1.00,210,"Informational, Commercial","Video, Image, Video Carousel, People Also Ask, Popular Products, Related Searches, Image Pack, Site Links","0.59,0.39,0.59,0.48,0.48,0.59,0.39,0.48,0.88,0.59,0.48,0.59",20,,
br,sapatilha nautica masculina,,,,,,590,24,0.04,1.00,229,"Informational, Commercial","Image Pack, Site Links, Video, People Also Ask, Popular Products, Related Searches","0.48,0.39,0.48,0.48,0.59,0.72,0.72,0.72,1.00,0.59,0.59,0.72",20,,
br,sapatilha neoprene,,,,,,1600,29,0.05,1.00,480000,"Informational, Commercial","Related Searches, Image Pack, Site Links, Video, Image, People Also Ask, Popular Products","0.35,0.35,0.29,0.29,0.24,0.29,0.29,0.16,0.35,0.24,0.24,0.18",20,,
br,sapatilha neoprene cano alto,,,,,,,,,,,,,,,,
br,sapatilha neoprene feminina,,,,,,90,23,0.05,1.00,161000,"Informational, Commercial","Video, Image, People Also Ask, Popular Products, Related Searches, Image Pack, Site Links","0.07,0.11,0.11,0.09,0.07,0.09,0.07,0.07,0.09,0.07,0.09,0.11",20,,
br,sapatilha neoprene masculina,,,,,,20,0,0.03,1.00,,,,"0.05,0.05,0.05,0.05,0.05,0.05,0.05,0.05,0.05,0.05,0.05,0.05",,,
br,sapatilha náutica,,,,,,480,23,0.04,1.00,181,"Informational, Commercial","Image Pack, Video, Image, Site Links, Video Carousel, People Also Ask, Popular Products, Related Searches, Short Videos","0.16,0.13,0.20,0.16,0.16,0.24,0.24,0.30,0.41,0.30,0.24,0.36",20,,
br,sapatilha para agua,,,,,,390,22,0.03,1.00,1030000,"Informational, Commercial","Related Searches, Short Videos, Image Pack, Site Links, Video, People Also Ask, Popular Products","0.24,0.16,0.30,0.20,0.20,0.20,0.24,0.30,0.24,0.20,0.20,0.16",20,,
br,sapatilha para areia,,,,,,210,23,0.06,1.00,245,"Informational, Commercial","People Also Ask, Popular Products, Related Searches, Image Pack, Site Links, Video, Image, Video Carousel","0.54,0.81,0.66,0.43,0.29,0.35,0.29,0.43,0.35,0.29,0.29,0.35",20,,
br,sapatilha para areia quente,,,,,,20,0,0.03,1.00,,,,"0.11,0.11,0.11,0.11,0.11,0.11,0.11,0.11,0.11,0.11,0.11,0.11",,,
br,sapatilha para beach tennis,,,,,,1600,15,0.05,1.00,470000,"Informational, Commercial","Related Searches, Short Videos, Image Pack, Site Links, Video, Video Carousel, People Also Ask","0.65,0.81,0.65,0.36,0.16,0.13,0.16,0.13,0.13,0.13,0.16,0.22",20,,
br,sapatilha para cachoeira,,,,,,590,24,0.03,1.00,150,Commercial,"Related Searches, Image Pack, Site Links, Video, Image, People Also Ask, Popular Products","0.24,0.20,0.20,0.36,0.45,0.24,0.36,0.45,0.67,0.36,0.36,0.45",20,,
br,sapatilha para costao,,,,,,,,,,,,,,,,
br,sapatilha para esportes aquaticos,,,,,,40,0,0.06,1.00,,,,"0.33,0.33,0.33,0.23,0.19,0.23,0.09,0.09,0.09,0.09,0.09,0.09",,,
br,sapatilha para futevolei,,,,,,10,0,0.04,1.00,,,,"1.00,0.00,0.00,0.00,0.00,0.00,0.00,1.00,1.00,1.00,1.00,1.00",,,
br,sapatilha para hidroginastica,,,,,,90,21,0.03,1.00,8930,Informational,"People Also Ask, Related Searches, Short Videos, Image Pack, Site Links, Video, Image, Video Carousel","0.29,0.06,0.05,0.05,0.05,0.05,0.04,0.44,0.04,0.01,0.01,0.01",20,,
br,sapatilha para kitesurf,,,,,,,,,,,,,,,,
br,sapatilha para mar,,,,,,140,23,0.04,1.00,195,Commercial,"Video, Video Carousel, People Also Ask, Popular Products, Related Searches, Short Videos, Site Links","0.34,0.34,0.53,0.43,0.43,0.43,0.43,0.65,0.81,0.43,0.34,0.34",20,,
br,sapatilha para natacao,,,,,,20,0,0.04,1.00,,,,"0.17,0.23,0.05,0.11,0.17,0.11,0.11,0.11,0.23,0.05,0.05,0.05",,,
br,sapatilha para o mar,,,,,,20,0,0.05,1.00,,,,"0.14,0.14,0.14,0.14,0.14,0.14,0.14,0.14,0.14,0.14,0.14,0.14",,,
br,sapatilha para pedra,,,,,,0,0,0.04,1.00,,,,"0.00,0.00,0.00,0.00,0.00,0.00,0.00,0.00,0.00,0.00,0.00,1.00",,,
br,sapatilha para pedras,,,,,,20,0,0.04,1.00,,,,"0.22,0.22,0.22,0.22,0.22,0.22,0.22,0.22,0.22,0.22,0.22,0.22",,,
br,sapatilha para piscina,,,,,,390,24,0.04,1.00,721000,"Informational, Commercial","Image, People Also Ask, Popular Products, Related Searches, Short Videos, Image Pack, Site Links, Video","0.24,0.13,0.20,0.20,0.24,0.24,0.20,0.30,0.30,0.16,0.16,0.20",20,,
br,sapatilha para praia,,,,,,1600,25,0.03,1.00,208,Commercial,"Image Pack, Site Links, Video, Image, People Also Ask, Related Searches","0.22,0.20,0.29,0.29,0.29,0.29,0.29,0.43,0.43,0.29,0.20,0.22",20,,
br,sapatilha para rio,,,,,,20,0,0.03,1.00,,,,"0.14,0.14,0.14,0.14,0.14,0.14,0.14,0.14,0.14,0.14,0.14,0.14",,,
br,sapatilha para stand up paddle,,,,,,,,,,,,,,,,
br,sapatilha praia,,,,,,390,23,0.04,1.00,215,Informational,"Reviews, Video, Video Carousel, People Also Ask, Popular Products, Related Searches, Image Pack, Site Links","0.20,0.20,0.30,0.30,0.30,0.36,0.36,0.45,0.55,0.24,0.30,0.20",20,,
br,sapatilha surf,,,,,,20,0,0.07,1.00,,,,"0.05,0.05,0.05,0.05,0.05,0.05,0.05,0.05,0.05,0.05,0.05,0.05",,,
br,sapatilha use zero hora,,,,,,,,,,,,,,,,
br,sapatilhas aquaticas,,,,,,480,22,0.03,1.00,192,Informational,"Image, Video Carousel, People Also Ask, Popular Products, Related Searches, Image Pack, Site Links, Video","0.24,0.16,0.24,0.24,0.24,0.24,0.24,0.24,0.45,0.36,0.30,0.36",20,,
br,sapatilhas para praia,,,,,,1000,28,0.03,1.00,2510000,"Informational, Commercial","Site Links, Video Carousel, Related Searches, Image Pack, Video, Image, People Also Ask, Popular Products, Short Videos","0.13,0.20,0.34,0.20,0.16,0.24,0.34,0.34,0.44,0.24,0.16,0.24",20,,
br,sapato aquatico,,,,,,720,25,0.04,1.00,212,"Informational, Commercial","Image, Video Carousel, People Also Ask, Short Videos, Image Pack, Site Links, Video, Popular Products, Related Searches","0.67,0.36,0.45,0.67,0.45,0.45,0.67,0.55,0.55,0.67,0.45,0.45",20,,
br,sapato de praia,,,,,,480,25,0.04,0.99,220,"Informational, Commercial","People Also Ask, Popular Products, Related Searches, Image Pack, Site Links, Video, Image, Video Carousel","0.39,0.32,0.39,0.48,0.39,0.48,0.48,0.59,0.88,0.39,0.32,0.32",20,,
br,segunda pele neoprene,,,,,,20,0,0.05,1.00,,,,"0.18,0.18,0.18,0.18,0.18,0.18,0.18,0.18,0.18,0.18,0.18,0.18",,,
br,segunda pele para agua,,,,,,,,,,,,,,,,
br,segunda pele para surf,,,,,,0,0,0.00,0.00,,,,"0.00,0.00,0.00,0.00,0.00,0.00,0.00,0.00,0.00,0.00,0.00,0.00",,,
br,short de natação,,,,,,590,11,0.07,1.00,229,"Informational, Commercial","Video, Image, People Also Ask, Popular Products, Related Searches, Image Pack, Site Links, Reviews","0.45,0.30,0.30,0.67,0.45,0.55,0.45,0.55,0.76,0.45,0.55,0.55",20,,
br,short natacao,,,,,,170,17,0.10,1.00,235,Commercial,"Popular Products, Image Pack, Site Links, Reviews, Video, People Also Ask","0.23,0.09,0.29,0.29,0.29,0.36,0.19,0.23,0.54,0.12,0.29,0.19",20,,
br,short natacao masculino,,,,,,70,0,0.08,1.00,,,,"0.81,0.10,0.10,0.10,0.10,0.08,0.06,0.06,0.10,0.02,0.02,0.02",,,
br,short nataçao,,,,,,110,8,0.10,1.00,206,Commercial,"Video, Popular Products, Related Searches, Image Pack, Site Links, Reviews","1.00,0.66,0.00,0.00,0.10,0.06,0.02,0.06,0.06,0.02,1.00,0.02",20,,
br,short natação masculino,,,,,,720,15,0.08,1.00,216,Commercial,"Related Searches, Image Pack, Site Links, Video, People Also Ask, Popular Products","0.36,0.30,0.36,0.45,0.45,0.67,0.45,0.45,0.67,0.45,0.76,0.76",20,,
br,short para natação masculino,,,,,,390,10,0.11,1.00,222,Commercial,"Related Searches, Image Pack, Site Links, Video, Image, People Also Ask, Popular Products","0.30,0.30,0.24,0.24,0.16,0.55,0.30,0.30,1.00,0.30,0.45,0.67",20,,
br,short surf,,,,,,590,11,0.20,1.00,197000000,"Informational, Commercial","Image Pack, Site Links, Video, Image, Video Carousel, Popular Products, Related Searches","0.24,0.45,0.30,0.36,0.45,0.36,1.00,0.55,0.76,0.55,0.36,0.55",20,,
br,short surfista,,,,,,260,10,0.16,1.00,219,Commercial,"Popular Products, Related Searches, Image Pack, Site Links, Video, Image, People Also Ask","0.16,0.03,0.16,0.03,0.03,0.08,0.01,1.00,0.20,0.00,0.00,0.00",20,,
br,shorts de neoprene,,,,,,0,0,0.09,1.00,,,,"0.00,0.00,0.00,0.00,0.00,0.00,0.00,0.00,0.00,0.00,0.00,0.00",,,
br,shorts neoprene,,,,,,10,0,0.10,1.00,,,,"0.00,0.00,0.11,0.00,0.00,0.00,0.00,0.00,0.19,0.03,0.00,0.00",,,
br,shorts para natação,,,,,,90,12,0.08,1.00,225,Commercial,"Reviews, Video, People Also Ask, Popular Products, Related Searches, Image Pack, Site Links","0.05,0.18,0.06,0.18,0.18,0.15,0.28,0.28,0.18,0.05,0.18,0.23",20,,
br,surf long john,,,,,,110,11,0.13,1.00,198,Commercial,"Related Searches, Image Pack, Site Links, Video, Video Carousel, People Also Ask, Popular Products","0.64,1.00,0.82,0.64,0.52,0.52,0.52,0.52,0.52,0.41,0.52,0.82",20,,
br,surf neoprene suit,,,,,,110,11,0.34,1.00,186,Commercial,"Site Links, Video, Video Carousel, People Also Ask","0.04,1.00,0.04,0.04,0.04,0.04,0.04,0.04,0.22,0.22,0.04,0.04",20,,
br,surf suit,,,,,,90,14,0.94,0.79,195,Commercial,"Popular Products, Related Searches, Image Pack, Site Links, Video, Video Carousel, People Also Ask","1.00,1.00,0.09,0.09,0.09,0.09,0.09,0.09,0.09,0.09,0.09,0.09",20,,
br,tenis aquatico,,,,,,720,24,0.06,1.00,227,"Informational, Commercial","Video, Video Carousel, People Also Ask, Short Videos, Popular Products, Related Searches, Image Pack, Site Links, Reviews","0.37,0.31,0.31,0.37,0.31,0.31,0.37,0.37,0.52,0.31,0.37,0.46",20,,
br,tenis para agua,,,,,,260,24,0.07,1.00,241,"Informational, Commercial","Popular Products, Related Searches, Short Videos, Image Pack, Site Links, Video, Video Carousel, People Also Ask","0.29,0.23,0.23,0.23,0.29,0.29,0.23,0.23,0.36,0.19,0.29,0.29",20,,
br,top de neoprene,,,,,,20,0,0.00,1.00,,,,"0.66,0.66,0.66,0.66,0.66,0.66,0.66,0.66,0.66,0.66,0.66,0.66",,,
br,top neoprene,,,,,,20,0,0.12,0.99,,,,"0.50,0.50,0.50,0.50,0.50,0.50,0.50,0.50,0.50,0.50,0.50,0.50",,,
br,traje arena feminino,,,,,,210,13,0.16,1.00,180,"Informational, Commercial","Site Links, Video, Image, Popular Products, Related Searches, Image Pack","1.00,0.65,0.81,0.65,0.65,0.53,0.81,0.43,0.34,0.43,1.00,1.00",20,,
br,traje de mergulho,,,,,,590,25,0.00,0.63,177,"Informational, Commercial","Site Links, Video, Video Carousel, People Also Ask, Popular Products, Related Searches, Image Pack","0.59,0.48,0.48,0.59,0.59,0.59,0.59,1.00,1.00,0.48,0.48,0.59",20,,
br,traje de natacao,,,,,,170,9,0.15,1.00,190,Commercial,"Image Pack, Site Links, Video, Image, Popular Products, Related Searches, AI Overview","0.53,0.43,0.43,0.53,0.65,0.53,0.81,0.65,0.53,0.43,0.65,0.65",20,,
br,traje de natação,,,,,,210,4,0.16,1.00,191,"Informational, Commercial","Image Pack, Site Links, Video, Image, Popular Products, Related Searches","0.43,0.35,0.43,0.35,0.35,0.43,0.43,0.43,0.29,0.29,0.43,0.43",20,,
br,traje de natação masculino,,,,,,260,6,0.10,1.00,167,Commercial,"Image Pack, Site Links, Video, Image, People Also Ask, Popular Products","1.00,0.81,0.65,1.00,1.00,0.81,0.65,0.65,0.65,0.53,0.81,0.81",20,,
br,traje natação feminino,,,,,,170,12,0.18,1.00,176,Commercial,"Image, People Also Ask, Popular Products, Related Searches, Image Pack, Site Links, Video","0.81,0.81,0.43,0.53,0.43,0.34,0.65,0.34,0.34,0.34,0.53,0.65",20,,
br,traje para natação,,,,,,110,8,0.16,0.99,186,Commercial,"Site Links, Video, People Also Ask, Popular Products, Related Searches, Image Pack","0.43,0.35,0.23,0.28,0.28,0.28,0.28,0.28,0.17,0.23,0.35,0.35",20,,
br,use zero hora neoprene,,,,,,,,,,,,,,,,
br,wetsuit wet,,,,,,1600,33,0.27,1.00,149,Commercial,"People Also Ask, Related Searches, Image Pack, Site Links, Video","0.55,0.44,0.44,0.44,0.55,0.55,0.55,0.55,0.55,0.55,0.55,0.65",20,,
